Data da Extração,Número,Classe,Procurador Responsável,Relator,Órgão Julgador,Valor da causa,UF,Polo da PFGN,Situação do processo,Código Matéria SAJ
17/12/2025,9464664-19.2021.4.01.3078,Apelação Cível,Dr. Davi Lucas Nogueira,Des. Davi Lucas Lima,SEGUNDASEÇÃO,"R$ 13.795,28
R$ 15.174,81","AM
SC",Autor,CONCLUÍDO - ACÓRDÃO,1.2.6
24/12/2025,2846314-75.2020.4.01.3155,Apelação Cível,Eloah da Rocha,Des. João Pedro Viana,S1,"R$ 43.392,20",MT,Réu,CONCLUÍDO - ACÓRDÃO,1.1.6
23/01/2026,1193014-81.2020.4.01.3354,Apelação Cível,Augusto Nunes,Des. Gael Henrique Silveira,2ª Seção,"R$ 40.925,28",RR,Réu,CONCLUÍDO - SENTENÇA,1.4.4
03/12/2025,1682140-34.2024.4.01.3767,Mandado de Segurança,Dr. Davi Lucas Nogueira,Des. Davi Lucas Lima,SEXTATURMA,"R$ 43.193,21
R$ 47.512,53",PE,Réu,AGUARDANDO PRAZO,1.3.2
05/12/2025,3874538-96.2024.4.01.3114,Agravo de Instrumento,Maria Luísa Gomes,Des. Pedro Miguel Borges,2S,"R$ 1.793,98","SE
ES",Autor,PENDENTE DE ANÁLISE,1.2.5|2.3.5
24/01/2026,8349868-90.2022.4.01.3352,Execução Fiscal,Dr. Fernando Aragão,Des. Kamilly Vasconcelos,5T,"R$ 32.045,71",PR,Autor,AGUARDANDO PRAZO,1.4.6
09/12/2025,1309814-25.2024.4.01.3263,Mandado de Segurança,João Lucas Farias,Des. Nicolas da Costa,SEGUNDASEÇÃO,"R$ 25.633,51
R$ 28.196,86",MT,Assistente,CONCLUÍDO - ACÓRDÃO,1.2.8
30/12/2025,6784492-95.2022.4.01.3739,Execução Fiscal,Luiz Felipe da Paz,Des. Juan Pastor,TERCEIRATURMA,"R$ 47.890,95",DF,Réu,CONCLUÍDO - SENTENÇA,1.5.6|2.5.3
08/12/2025,9519297-61.2022.4.01.3302,Execução Fiscal,Dr. Fernando Aragão,Des. Nicolas da Costa,,"R$ 42.057,96",AL,Autor,CONCLUÍDO - ACÓRDÃO,1.4.3
25/01/2026,8671735-30.2020.4.01.3860,Mandado de Segurança,Dr. Fernando Aragão,Des. João Miguel Cavalcante,TERCEIRA TURMA,"R$ 47.952,16",DF,Autor,TRIAGEM,1.4.6
17/01/2026,5159324-19.2020.4.01.3350,Apelação Cível,Giovanna da Mata,Des. Elisa da Luz,TERCEIRASEÇÃO,"R$ 5.392,74",TO,Autor,CONCLUÍDO - SENTENÇA,1.3.3|2.1.7
21/01/2026,1904956-64.2022.4.01.3924,Mandado de Segurança,Dr. Fernando Aragão,Des. Bianca Fernandes,2ª Turma,"R$ 2.831,31",PE,Réu,AGUARDANDO PRAZO,1.2.6|2.5.8
05/01/2026,9573094-61.2021.4.01.3869,Apelação Cível,Dr. Fernando Aragão,Des. Kamilly Vasconcelos,QUINTA TURMA,"R$ 48.487,72",RR,Autor,CONCLUÍDO - SENTENÇA,1.3.1|2.1.6
08/01/2026,9427095-89.2023.4.01.3034,Execução Fiscal,Luiz Felipe da Paz,Des. Gustavo Henrique Fernandes,T4,"R$ 44.791,05",MT,Autor,TRIAGEM,1.3.8
23/01/2026,4154330-50.2021.4.01.3969,Execução Fiscal,Dr. Fernando Aragão,Des. Augusto Leão,2ª Turma,"R$ 22.132,72","AC
MT",Réu,CONCLUÍDO - SENTENÇA,1.3.4
18/01/2026,3736638-32.2023.4.01.3856,Execução Fiscal,Maria Luísa Gomes,Des. Carolina Nogueira,SEGUNDASEÇÃO,"R$ 37.453,99",DF,Réu,TRIAGEM,1.4.3
11/12/2025,8765383-90.2023.4.01.3412,Execução Fiscal,Luiz Felipe da Paz,Des. Davi Lucas Lima,,"R$ 48.589,22",PI,Terceiro,PENDENTE DE ANÁLISE,1.2.4
27/01/2026,1349891-48.2022.4.01.3281,Mandado de Segurança,Giovanna da Mata,Des. Nicolas da Costa,Não Informado,"R$ 20.878,55",MS,Assistente,CONCLUÍDO - ACÓRDÃO,1.5.4|2.4.8
29/12/2025,5079353-81.2020.4.01.3928,Agravo de Instrumento,Eloah da Rocha,Des. Maria Flor Cardoso,T2,"R$ 46.885,23
R$ 51.573,75",AM,Autor,TRIAGEM,1.5.3
05/12/2025,2763102-25.2025.4.01.3805,Apelação Cível,Dr. Leonardo Viana,Des. Gael Henrique Silveira,T5,"R$ 47.399,14",PE,Réu,TRIAGEM,1.5.1
28/12/2025,9556506-72.2024.4.01.3773,Mandado de Segurança,Dr. Fernando Aragão,Des. Pedro Miguel Borges,T1,"R$ 45.852,98",SC,Assistente,PENDENTE DE ANÁLISE,1.2.6
22/12/2025,7673202-74.2024.4.01.3090,Agravo de Instrumento,Sr. Ravi Cunha,Des. Juan Pastor,SEXTA TURMA,"R$ 3.793,03
R$ 4.172,33",ES,Réu,AGUARDANDO PRAZO,1.2.2
01/12/2025,5033798-94.2021.4.01.3327,Agravo de Instrumento,Giovanna da Mata,Des. Elisa da Luz,5ª Turma,"R$ 39.401,15",MT,Réu,CONCLUÍDO - ACÓRDÃO,1.5.4
21/12/2025,9547652-56.2023.4.01.3692,Agravo de Instrumento,Sr. Ravi Cunha,Des. Maria Flor Cardoso,QUINTA TURMA,"R$ 5.720,48",MG,Réu,CONCLUÍDO - SENTENÇA,1.4.5|2.1.1
29/11/2025,7736433-71.2021.4.01.3080,Execução Fiscal,João Lucas Farias,Des. Davi Lucas Lima,1T,"R$ 15.469,01",AC,Autor,CONCLUÍDO - ACÓRDÃO,1.5.1|2.4.3
10/12/2025,5831029-39.2021.4.01.3937,Mandado de Segurança,Giovanna da Mata,Des. Juan Pastor,1ª Seção,"R$ 28.682,39","AC
AP",Assistente,CONCLUÍDO - ACÓRDÃO,1.2.9
21/01/2026,1647966-71.2021.4.01.3778,Apelação Cível,Giovanna da Mata,Des. Elisa da Luz,3ª Turma,"R$ 46.293,73
R$ 50.923,10",ES,Réu,CONCLUÍDO - SENTENÇA,1.1.4
06/01/2026,4458301-79.2023.4.01.3440,Mandado de Segurança,Dr. Davi Lucas Nogueira,Des. Carolina Nogueira,CORTE ESPECIAL,"R$ 33.386,38",TO,Réu,CONCLUÍDO - SENTENÇA,1.3.6
17/01/2026,2503238-82.2024.4.01.3026,Apelação Cível,Luiz Felipe da Paz,Des. Gael Henrique Silveira,4T,"R$ 5.423,78",AL,Réu,TRIAGEM,1.3.4
11/12/2025,6152956-11.2021.4.01.3287,Apelação Cível,Dr. Fernando Aragão,Des. Carolina Nogueira,2ª Seção,"R$ 20.325,52",MT,Réu,CONCLUÍDO - SENTENÇA,1.2.6|2.2.4
04/01/2026,6725457-31.2021.4.01.3765,Mandado de Segurança,Luara Brito,Des. João Miguel Cavalcante,2ª Seção,"R$ 9.902,48",RS,Terceiro,CONCLUÍDO - SENTENÇA,1.2.8
20/12/2025,6621132-55.2023.4.01.3823,Execução Fiscal,Eloah da Rocha,Des. Juan Pastor,1ª Turma,"R$ 13.316,41",MT,Autor,TRIAGEM,1.2.4
22/01/2026,4421754-75.2020.4.01.3355,Execução Fiscal,Giovanna da Mata,Des. Bianca Fernandes,TERCEIRA SEÇÃO,"R$ 8.813,45","MA
TO",Réu,AGUARDANDO PRAZO,1.1.2|2.4.7
05/12/2025,7449043-73.2025.4.01.3622,Mandado de Segurança,Augusto Nunes,Des. João Pedro Viana,5T,"R$ 40.597,51",AC,Assistente,PENDENTE DE ANÁLISE,1.3.3
21/12/2025,8493864-92.2020.4.01.3319,Mandado de Segurança,Dr. Davi Lucas Nogueira,Des. Elisa da Luz,S3,"R$ 9.795,61",TO,Assistente,CONCLUÍDO - ACÓRDÃO,1.5.6
23/12/2025,6197200-49.2024.4.01.3457,Apelação Cível,Sr. Ravi Cunha,Des. Kamilly Vasconcelos,SEXTATURMA,"R$ 45.169,02
R$ 49.685,92",RJ,Assistente,CONCLUÍDO - SENTENÇA,1.1.3|2.2.8
28/12/2025,5108701-90.2021.4.01.3359,Apelação Cível,Dr. Davi Lucas Nogueira,Des. Mariana Ramos,6T,"R$ 43.476,90","RS
BA",Assistente,CONCLUÍDO - SENTENÇA,1.1.2|2.5.2
20/01/2026,3756171-52.2025.4.01.3216,Apelação Cível,Augusto Nunes,Des. Nicolas da Costa,PRIMEIRA TURMA,"R$ 32.621,31",AL,Assistente,CONCLUÍDO - ACÓRDÃO,1.5.9
24/12/2025,1536363-31.2021.4.01.3825,Mandado de Segurança,Sr. Ravi Cunha,Des. João Miguel Cavalcante,QUINTATURMA,"R$ 35.231,14
R$ 38.754,25","AL
PI",Terceiro,TRIAGEM,1.4.2
22/01/2026,8570790-29.2024.4.01.3299,Agravo de Instrumento,Luara Brito,Des. Nicolas da Costa,SEGUNDASEÇÃO,"R$ 49.691,76",RJ,Autor,CONCLUÍDO - SENTENÇA,1.2.3
15/01/2026,1643241-67.2020.4.01.3123,Mandado de Segurança,Giovanna da Mata,Des. Nicolas da Costa,CE,"R$ 46.633,64",CE,Réu,CONCLUÍDO - SENTENÇA,1.3.7|2.1.8
25/12/2025,3106019-18.2022.4.01.3841,Apelação Cível,Giovanna da Mata,Des. João Miguel Cavalcante,1  Turma,"R$ 11.570,05",PR,Assistente,CONCLUÍDO - ACÓRDÃO,1.5.5
12/01/2026,6048678-52.2023.4.01.3603,Agravo de Instrumento,João Lucas Farias,Des. Bianca Fernandes,6ª Turma,"R$ 46.240,80",RJ,Terceiro,CONCLUÍDO - SENTENÇA,1.1.9
12/12/2025,2852961-77.2020.4.01.3389,Execução Fiscal,Eloah da Rocha,Des. João Pedro Viana,,"R$ 34.520,55","PR
PR",Terceiro,TRIAGEM,1.5.2|2.2.1
11/01/2026,5814920-17.2021.4.01.3371,Execução Fiscal,Augusto Nunes,Des. Carolina Nogueira,4ª Turma,"R$ 12.061,19","AP
GO",Autor,CONCLUÍDO - ACÓRDÃO,1.1.7
27/12/2025,4516087-45.2020.4.01.3346,Agravo de Instrumento,Dr. Fernando Aragão,Des. João Pedro Viana,TERCEIRASEÇÃO,"R$ 40.837,99
R$ 44.921,79","SC
AP",Autor,PENDENTE DE ANÁLISE,1.4.3|2.4.9
05/01/2026,1543297-16.2022.4.01.3716,Apelação Cível,Augusto Nunes,Des. Juan Pastor,Não Informado,"R$ 21.952,01",SE,Réu,TRIAGEM,1.5.4
01/12/2025,7755701-47.2023.4.01.3515,Apelação Cível,Eloah da Rocha,Des. Pedro Miguel Borges,S3,"R$ 17.360,81",PR,Terceiro,CONCLUÍDO - SENTENÇA,1.4.1
17/12/2025,9518625-70.2024.4.01.3375,Execução Fiscal,Augusto Nunes,Des. Pedro Miguel Borges,QUINTA TURMA,"R$ 10.789,70",PI,Autor,PENDENTE DE ANÁLISE,1.4.1|2.2.7
26/01/2026,9048490-38.2024.4.01.3281,Agravo de Instrumento,Augusto Nunes,Des. Kamilly Vasconcelos,,"R$ 6.997,51",PA,Réu,AGUARDANDO PRAZO,1.4.9
11/01/2026,9575432-59.2021.4.01.3665,Apelação Cível,Giovanna da Mata,Des. Kamilly Vasconcelos,1ª Seção,"R$ 26.992,50",PE,Réu,PENDENTE DE ANÁLISE,1.3.8
10/12/2025,2120218-70.2023.4.01.3111,Mandado de Segurança,Bernardo Araújo,Des. Pedro Miguel Borges,4ª Turma,"R$ 48.081,77
R$ 52.889,95",MA,Terceiro,AGUARDANDO PRAZO,1.4.9
30/11/2025,5637187-37.2024.4.01.3038,Execução Fiscal,Giovanna da Mata,Des. Nicolas da Costa, ,"R$ 41.786,67",PB,Terceiro,PENDENTE DE ANÁLISE,1.1.5
12/01/2026,2868201-78.2023.4.01.3358,Execução Fiscal,Maria Luísa Gomes,Des. Gael Henrique Silveira,6ª Turma,"R$ 23.199,09",DF,Terceiro,TRIAGEM,1.5.4
19/12/2025,2789266-31.2022.4.01.3247,Execução Fiscal,Augusto Nunes,Des. João Pedro Viana,SEGUNDASEÇÃO,"R$ 15.147,43",DF,Réu,CONCLUÍDO - SENTENÇA,1.3.7
28/12/2025,2454754-75.2020.4.01.3790,Apelação Cível,Dr. Davi Lucas Nogueira,Des. Maria Flor Cardoso,SEXTA TURMA,"R$ 23.699,38",MS,Terceiro,TRIAGEM,1.2.1|2.2.3
05/12/2025,4545899-75.2025.4.01.3559,Execução Fiscal,Sr. Ravi Cunha,Des. Nicolas da Costa,3ª Seção,"R$ 2.057,43","MT
AP",Assistente,PENDENTE DE ANÁLISE,1.5.5
10/12/2025,2100042-13.2024.4.01.3462,Execução Fiscal,Bernardo Araújo,Des. Pedro Miguel Borges,1T,"R$ 12.423,12",MS,Assistente,AGUARDANDO PRAZO,1.2.7|2.5.6
26/12/2025,4644889-41.2022.4.01.3359,Apelação Cível,Luiz Felipe da Paz,Des. João Miguel Cavalcante,PRIMEIRA SEÇÃO,"R$ 3.978,54
R$ 4.376,39",DF,Autor,CONCLUÍDO - SENTENÇA,1.2.6
02/01/2026,9341334-25.2024.4.01.3772,Agravo de Instrumento,Dr. Fernando Aragão,Des. Augusto Leão,T4,"R$ 43.677,88","RJ
SC",Terceiro,CONCLUÍDO - ACÓRDÃO,1.1.8|2.5.6
05/12/2025,2912459-34.2023.4.01.3515,Execução Fiscal,Eloah da Rocha,Des. Nicolas da Costa,S3,"R$ 29.110,33
R$ 32.021,36",MA,Réu,CONCLUÍDO - ACÓRDÃO,1.2.3
11/12/2025,1036276-53.2023.4.01.3281,Mandado de Segurança,Dr. Leonardo Viana,Des. Kamilly Vasconcelos,6ª Turma,"R$ 23.906,92",SC,Autor,CONCLUÍDO - ACÓRDÃO,1.3.4|2.1.3
10/12/2025,3394745-63.2021.4.01.3430,Execução Fiscal,Giovanna da Mata,Des. Juan Pastor,3ª Turma,"R$ 33.985,28",BA,Terceiro,CONCLUÍDO - ACÓRDÃO,1.1.5
15/12/2025,1516544-55.2022.4.01.3662,Agravo de Instrumento,Bernardo Araújo,Des. Nicolas da Costa,CE,"R$ 15.277,25",MT,Terceiro,PENDENTE DE ANÁLISE,1.5.6
13/01/2026,8378315-59.2022.4.01.3603,Execução Fiscal,Sr. Ravi Cunha,Des. Carolina Nogueira,T6,"R$ 24.586,89",MS,Assistente,PENDENTE DE ANÁLISE,1.1.9
25/01/2026,6864257-62.2023.4.01.3857,Execução Fiscal,Dr. Fernando Aragão,Des. Pedro Miguel Borges,3ª Turma,"R$ 35.627,54",MS,Autor,CONCLUÍDO - SENTENÇA,1.5.7
11/01/2026,7728070-74.2024.4.01.3493,Mandado de Segurança,Luara Brito,Des. Maria Flor Cardoso,TERCEIRA TURMA,"R$ 46.615,07",RS,Autor,AGUARDANDO PRAZO,1.1.3|2.4.6
18/01/2026,6863485-20.2024.4.01.3269,Apelação Cível,Bernardo Araújo,Des. Davi Lucas Lima,2S,"R$ 13.775,73",AP,Autor,CONCLUÍDO - ACÓRDÃO,1.1.7|2.3.6
15/01/2026,4572042-97.2021.4.01.3387,Apelação Cível,Eloah da Rocha,Des. Elisa da Luz,QUARTA TURMA,"R$ 9.272,82",BA,Autor,CONCLUÍDO - ACÓRDÃO,1.1.1
22/12/2025,3093141-70.2021.4.01.3285,Execução Fiscal,Sr. Ravi Cunha,Des. Pedro Miguel Borges,T5,"R$ 37.277,15",CE,Autor,TRIAGEM,1.2.4
23/12/2025,6873434-89.2024.4.01.3179,Mandado de Segurança,Dr. Fernando Aragão,Des. Davi Lucas Lima,TERCEIRATURMA,"R$ 39.208,34
R$ 43.129,17",ES,Autor,CONCLUÍDO - SENTENÇA,1.4.3|2.1.6
02/12/2025,8266183-66.2021.4.01.3203,Apelação Cível,Eloah da Rocha,Des. Gael Henrique Silveira,T6,"R$ 30.745,88",AL,Assistente,AGUARDANDO PRAZO,1.5.5|2.3.9
22/01/2026,4238460-42.2024.4.01.3334,Mandado de Segurança,João Lucas Farias,Des. Davi Lucas Lima,T6,"R$ 23.384,41",RN,Autor,TRIAGEM,1.1.3|2.3.8
23/12/2025,8181013-30.2024.4.01.3153,Execução Fiscal,Dr. Davi Lucas Nogueira,Des. Pedro Miguel Borges,PRIMEIRA SEÇÃO,"R$ 21.581,57","SP
DF",Réu,TRIAGEM,1.2.7
16/01/2026,2858734-95.2022.4.01.3471,Mandado de Segurança,Giovanna da Mata,Des. Maria Flor Cardoso,T2,"R$ 34.569,40",PR,Réu,CONCLUÍDO - SENTENÇA,1.3.4|2.3.7
20/01/2026,3403027-97.2025.4.01.3695,Mandado de Segurança,Luiz Felipe da Paz,Des. Juan Pastor,SEGUNDA TURMA,"R$ 5.754,12",MT,Autor,PENDENTE DE ANÁLISE,1.4.7
14/01/2026,6951261-18.2021.4.01.3593,Execução Fiscal,Luiz Felipe da Paz,Des. Davi Lucas Lima,3ª Turma,"R$ 6.827,80",PB,Autor,AGUARDANDO PRAZO,1.2.5|2.5.1
30/12/2025,5212228-87.2024.4.01.3550,Apelação Cível,Dr. Leonardo Viana,Des. João Miguel Cavalcante,TERCEIRASEÇÃO,"R$ 32.559,22
R$ 35.815,14",BA,Terceiro,AGUARDANDO PRAZO,1.2.9
04/01/2026,4152173-97.2021.4.01.3070,Mandado de Segurança,Bernardo Araújo,Des. Nicolas da Costa,Corte Especial,"R$ 12.890,71",RR,Terceiro,AGUARDANDO PRAZO,1.5.3
16/01/2026,2772991-22.2024.4.01.3689,Apelação Cível,Maria Luísa Gomes,Des. Gustavo Henrique Fernandes, ,"R$ 1.321,10",AP,Terceiro,CONCLUÍDO - ACÓRDÃO,1.2.2
30/12/2025,7771572-24.2022.4.01.3123,Mandado de Segurança,Maria Luísa Gomes,Des. Mariana Ramos,1  Turma,"R$ 46.829,05",SE,Terceiro,TRIAGEM,1.5.9|2.1.3
09/12/2025,5935073-88.2020.4.01.3941,Apelação Cível,Maria Luísa Gomes,Des. João Miguel Cavalcante,PRIMEIRATURMA,"R$ 26.425,25",RN,Autor,TRIAGEM,1.3.9
18/12/2025,4453899-38.2023.4.01.3768,Apelação Cível,Sr. Ravi Cunha,Des. Bianca Fernandes,QUARTATURMA,"R$ 26.210,50",RN,Assistente,CONCLUÍDO - ACÓRDÃO,1.5.5|2.4.2
15/01/2026,4697896-10.2024.4.01.3934,Execução Fiscal,Augusto Nunes,Des. João Miguel Cavalcante,PRIMEIRA SEÇÃO,"R$ 1.711,14
R$ 1.882,25","TO
RO",Autor,AGUARDANDO PRAZO,1.5.5
19/01/2026,4206820-92.2023.4.01.3999,Agravo de Instrumento,Sr. Ravi Cunha,Des. Augusto Leão,6ª Turma,"R$ 41.026,55
R$ 45.129,21",AM,Autor,TRIAGEM,1.5.3
02/01/2026,4275969-21.2023.4.01.3022,Mandado de Segurança,Dr. Fernando Aragão,Des. Kamilly Vasconcelos,PRIMEIRA SEÇÃO,"R$ 27.413,59",RS,Réu,CONCLUÍDO - SENTENÇA,1.3.4
18/01/2026,6696073-51.2024.4.01.3964,Apelação Cível,Eloah da Rocha,Des. Juan Pastor,1  Turma,"R$ 3.838,97",AL,Autor,CONCLUÍDO - SENTENÇA,1.3.5|2.4.9
18/12/2025,8063955-75.2021.4.01.3509,Execução Fiscal,Giovanna da Mata,Des. Gustavo Henrique Fernandes,TERCEIRA TURMA,"R$ 24.977,17",MS,Terceiro,PENDENTE DE ANÁLISE,1.1.2
26/01/2026,9425963-44.2022.4.01.3763,Execução Fiscal,João Lucas Farias,Des. Gustavo Henrique Fernandes,PRIMEIRA SEÇÃO,"R$ 15.483,48",PI,Autor,AGUARDANDO PRAZO,1.2.9|2.1.5
07/01/2026,5405717-36.2025.4.01.3064,Execução Fiscal,Dr. Fernando Aragão,Des. Bianca Fernandes,QUINTATURMA,"R$ 4.453,40
R$ 4.898,74","MT
SP",Assistente,CONCLUÍDO - SENTENÇA,1.3.1|2.1.1
18/01/2026,1524757-17.2024.4.01.3738,Mandado de Segurança,Maria Luísa Gomes,Des. João Miguel Cavalcante,2ª Seção,"R$ 21.133,29
R$ 23.246,62",DF,Autor,CONCLUÍDO - ACÓRDÃO,1.1.4|2.1.9
20/01/2026,3338199-48.2021.4.01.3324,Mandado de Segurança,Eloah da Rocha,Des. Bianca Fernandes,QUINTA TURMA,"R$ 17.524,17",RO,Terceiro,CONCLUÍDO - SENTENÇA,1.1.5
29/11/2025,8471409-80.2022.4.01.3418,Agravo de Instrumento,Giovanna da Mata,Des. Nicolas da Costa,4ª Turma,"R$ 38.256,75
R$ 42.082,43",SP,Autor,AGUARDANDO PRAZO,1.4.3|2.1.9
05/01/2026,5165872-76.2022.4.01.3741,Agravo de Instrumento,Sr. Ravi Cunha,Des. Nicolas da Costa,CORTE ESPECIAL,"R$ 32.401,29",TO,Réu,TRIAGEM,1.4.7|2.4.1
08/12/2025,5307868-69.2025.4.01.3906,Agravo de Instrumento,Dr. Davi Lucas Nogueira,Des. Elisa da Luz,1T,"R$ 33.524,38
R$ 36.876,82",RN,Assistente,PENDENTE DE ANÁLISE,1.4.7
16/12/2025,7172299-97.2024.4.01.3759,Agravo de Instrumento,Sr. Ravi Cunha,Des. Nicolas da Costa, ,"R$ 40.411,56",RR,Assistente,PENDENTE DE ANÁLISE,1.1.7
22/12/2025,5947214-42.2025.4.01.3952,Apelação Cível,Luara Brito,Des. Pedro Miguel Borges,T4,"R$ 4.592,60",SC,Réu,AGUARDANDO PRAZO,1.1.5
02/12/2025,2457053-73.2022.4.01.3693,Agravo de Instrumento,Dr. Leonardo Viana,Des. Bianca Fernandes,S3,"R$ 29.534,78",BA,Réu,CONCLUÍDO - ACÓRDÃO,1.2.8|2.3.5
16/01/2026,2113635-94.2023.4.01.3197,Apelação Cível,Maria Luísa Gomes,Des. Carolina Nogueira, ,"R$ 28.670,18",AL,Assistente,CONCLUÍDO - SENTENÇA,1.3.9|2.4.2
18/12/2025,8178329-12.2024.4.01.3430,Mandado de Segurança,Augusto Nunes,Des. Davi Lucas Lima,SEXTATURMA,"R$ 19.062,99",TO,Assistente,AGUARDANDO PRAZO,1.2.8|2.3.5
19/01/2026,7666266-35.2022.4.01.3281,Execução Fiscal,Giovanna da Mata,Des. Gustavo Henrique Fernandes,TERCEIRA TURMA,"R$ 5.032,17",AL,Autor,AGUARDANDO PRAZO,1.1.1
01/01/2026,8011499-53.2020.4.01.3969,Apelação Cível,João Lucas Farias,Des. Kamilly Vasconcelos,TERCEIRA TURMA,"R$ 46.185,32
R$ 50.803,85",SP,Assistente,CONCLUÍDO - ACÓRDÃO,1.5.5|2.4.2
10/12/2025,9747679-33.2022.4.01.3217,Apelação Cível,Sr. Ravi Cunha,Des. João Miguel Cavalcante,SEXTA TURMA,"R$ 22.528,69",MS,Assistente,TRIAGEM,1.2.7|2.2.4
23/12/2025,1872892-35.2024.4.01.3478,Apelação Cível,Dr. Leonardo Viana,Des. Maria Flor Cardoso,T5,"R$ 31.332,24",CE,Terceiro,PENDENTE DE ANÁLISE,1.2.9|2.4.3
02/12/2025,1900148-27.2024.4.01.3490,Execução Fiscal,Bernardo Araújo,Des. Elisa da Luz,PRIMEIRASEÇÃO,"R$ 16.280,99",RJ,Autor,AGUARDANDO PRAZO,1.5.7|2.4.5
25/12/2025,1117780-74.2021.4.01.3048,Execução Fiscal,Bernardo Araújo,Des. Gustavo Henrique Fernandes,QUARTATURMA,"R$ 2.295,98",RJ,Autor,CONCLUÍDO - ACÓRDÃO,1.1.7|2.3.7
29/11/2025,4134674-36.2024.4.01.3369,Agravo de Instrumento,Giovanna da Mata,Des. Mariana Ramos,5ª Turma,"R$ 3.861,94",SP,Autor,CONCLUÍDO - SENTENÇA,1.1.6
22/12/2025,3388337-81.2024.4.01.3210,Mandado de Segurança,Eloah da Rocha,Des. Kamilly Vasconcelos,QUINTATURMA,"R$ 46.029,49",PA,Terceiro,CONCLUÍDO - SENTENÇA,1.1.2
24/12/2025,9182711-39.2022.4.01.3552,Mandado de Segurança,Dr. Davi Lucas Nogueira,Des. Augusto Leão,T5,"R$ 42.621,58",GO,Assistente,CONCLUÍDO - SENTENÇA,1.2.1|2.1.3
08/12/2025,8535790-97.2024.4.01.3433,Agravo de Instrumento,Dr. Fernando Aragão,Des. João Miguel Cavalcante,5T,"R$ 29.668,31",MT,Réu,AGUARDANDO PRAZO,1.2.1|2.1.4
28/12/2025,4074974-97.2024.4.01.3640,Apelação Cível,João Lucas Farias,Des. Maria Flor Cardoso,T3,"R$ 18.992,02
R$ 20.891,22",AL,Autor,TRIAGEM,1.3.1
08/01/2026,6987042-25.2024.4.01.3866,Mandado de Segurança,Maria Luísa Gomes,Des. Bianca Fernandes,PRIMEIRATURMA,"R$ 3.728,95","BA
CE",Assistente,CONCLUÍDO - SENTENÇA,1.4.1
18/12/2025,8732824-68.2023.4.01.3992,Agravo de Instrumento,Maria Luísa Gomes,Des. Bianca Fernandes,T6,"R$ 8.565,72",SC,Assistente,PENDENTE DE ANÁLISE,1.2.4
22/12/2025,8405742-17.2022.4.01.3871,Agravo de Instrumento,Eloah da Rocha,Des. Elisa da Luz,S2,"R$ 30.336,29",PR,Terceiro,AGUARDANDO PRAZO,1.5.3
01/12/2025,5291137-43.2023.4.01.3025,Mandado de Segurança,Eloah da Rocha,Des. Gael Henrique Silveira,QUARTATURMA,"R$ 13.823,67","RN
RR",Terceiro,CONCLUÍDO - ACÓRDÃO,1.2.9
13/12/2025,6330258-97.2020.4.01.3018,Apelação Cível,João Lucas Farias,Des. Bianca Fernandes,Corte Especial,"R$ 8.361,88",RS,Autor,CONCLUÍDO - ACÓRDÃO,1.2.6
26/12/2025,2443204-77.2023.4.01.3436,Mandado de Segurança,Bernardo Araújo,Des. Mariana Ramos,5ª Turma,"R$ 7.802,12",PB,Terceiro,CONCLUÍDO - ACÓRDÃO,1.2.9
21/01/2026,9583051-20.2021.4.01.3717,Mandado de Segurança,Giovanna da Mata,Des. Elisa da Luz,PRIMEIRA TURMA,"R$ 21.512,87","GO
PE",Assistente,CONCLUÍDO - ACÓRDÃO,1.5.8|2.1.8
21/12/2025,1966846-32.2021.4.01.3780,Execução Fiscal,Eloah da Rocha,Des. Gael Henrique Silveira,3T,"R$ 11.693,77",DF,Terceiro,CONCLUÍDO - SENTENÇA,1.3.6
05/12/2025,8165444-22.2021.4.01.3256,Mandado de Segurança,Dr. Leonardo Viana,Des. Maria Flor Cardoso,SEGUNDA TURMA,"R$ 37.290,23",RO,Autor,AGUARDANDO PRAZO,1.5.1
13/12/2025,5142067-12.2024.4.01.3332,Apelação Cível,Augusto Nunes,Des. Mariana Ramos,1ª Turma,"R$ 44.770,25
R$ 49.247,28",PI,Terceiro,PENDENTE DE ANÁLISE,1.3.9
14/01/2026,9580090-35.2020.4.01.3557,Agravo de Instrumento,Augusto Nunes,Des. João Miguel Cavalcante,QUARTA TURMA,"R$ 26.445,77",SC,Terceiro,PENDENTE DE ANÁLISE,1.1.7
20/01/2026,6921238-91.2020.4.01.3128,Agravo de Instrumento,Bernardo Araújo,Des. Gael Henrique Silveira,2ª Turma,"R$ 16.303,44",RJ,Terceiro,PENDENTE DE ANÁLISE,1.4.8
17/12/2025,1714150-47.2023.4.01.3114,Mandado de Segurança,Dr. Fernando Aragão,Des. Davi Lucas Lima,6T,"R$ 37.277,62",SC,Réu,AGUARDANDO PRAZO,1.1.2
23/01/2026,5486402-23.2020.4.01.3758,Agravo de Instrumento,Maria Luísa Gomes,Des. Gael Henrique Silveira,Não Informado,"R$ 4.588,02",AM,Terceiro,PENDENTE DE ANÁLISE,1.3.7
26/12/2025,1380867-90.2024.4.01.3596,Execução Fiscal,Dr. Fernando Aragão,Des. Bianca Fernandes,SEGUNDASEÇÃO,"R$ 4.297,52
R$ 4.727,27",PI,Autor,CONCLUÍDO - SENTENÇA,1.4.5|2.1.3
02/01/2026,8880039-87.2020.4.01.3498,Execução Fiscal,Dr. Leonardo Viana,Des. Nicolas da Costa,S3,"R$ 44.963,98
R$ 49.460,38","PR
PR",Assistente,PENDENTE DE ANÁLISE,1.1.2
18/01/2026,5717018-26.2023.4.01.3453,Agravo de Instrumento,Sr. Ravi Cunha,Des. Elisa da Luz,PRIMEIRASEÇÃO,"R$ 29.337,85",AC,Autor,CONCLUÍDO - ACÓRDÃO,1.1.4|2.4.5
19/01/2026,8645669-96.2025.4.01.3865,Mandado de Segurança,Augusto Nunes,Des. Bianca Fernandes,2ª Seção,"R$ 14.110,88",SP,Autor,CONCLUÍDO - SENTENÇA,1.5.3|2.3.5
08/01/2026,2625578-51.2022.4.01.3351,Apelação Cível,Bernardo Araújo,Des. Juan Pastor,SEGUNDA TURMA,"R$ 24.767,16",PA,Assistente,CONCLUÍDO - SENTENÇA,1.3.2
07/01/2026,6258159-41.2023.4.01.3361,Agravo de Instrumento,Dr. Leonardo Viana,Des. Juan Pastor,S2,"R$ 49.989,03
R$ 54.987,93",ES,Réu,TRIAGEM,1.5.9
16/01/2026,3001843-59.2025.4.01.3679,Apelação Cível,Bernardo Araújo,Des. Mariana Ramos,QUARTATURMA,"R$ 31.945,10
R$ 35.139,61",DF,Assistente,PENDENTE DE ANÁLISE,1.3.4
22/01/2026,9375038-79.2022.4.01.3013,Agravo de Instrumento,Maria Luísa Gomes,Des. Pedro Miguel Borges,PRIMEIRA TURMA,"R$ 36.089,18
R$ 39.698,10",SE,Terceiro,TRIAGEM,1.2.3|2.2.6
11/01/2026,1436237-36.2022.4.01.3923,Agravo de Instrumento,Luiz Felipe da Paz,Des. Mariana Ramos,TERCEIRA TURMA,"R$ 14.007,33","RN
AM",Autor,PENDENTE DE ANÁLISE,1.1.9
23/12/2025,4921864-68.2024.4.01.3312,Apelação Cível,Dr. Davi Lucas Nogueira,Des. João Miguel Cavalcante,T6,"R$ 10.992,72",SP,Réu,AGUARDANDO PRAZO,1.1.5
31/12/2025,9579492-62.2021.4.01.3496,Execução Fiscal,Maria Luísa Gomes,Des. Bianca Fernandes,SEGUNDASEÇÃO,"R$ 23.291,26",SC,Autor,TRIAGEM,1.2.5|2.4.5
01/01/2026,8559850-97.2020.4.01.3654,Agravo de Instrumento,Sr. Ravi Cunha,Des. Davi Lucas Lima,PRIMEIRA SEÇÃO,"R$ 35.361,30
R$ 38.897,43",MG,Autor,TRIAGEM,1.1.8
14/01/2026,9310272-52.2021.4.01.3775,Agravo de Instrumento,Dr. Davi Lucas Nogueira,Des. Mariana Ramos,,"R$ 7.170,61",PB,Terceiro,AGUARDANDO PRAZO,1.1.1|2.1.9
14/12/2025,9361764-12.2025.4.01.3390,Apelação Cível,João Lucas Farias,Des. Gael Henrique Silveira,3T,"R$ 27.592,48",AL,Terceiro,TRIAGEM,1.4.7
14/01/2026,1282503-78.2020.4.01.3384,Mandado de Segurança,Dr. Leonardo Viana,Des. Gustavo Henrique Fernandes,5ª Turma,"R$ 30.907,48",TO,Terceiro,AGUARDANDO PRAZO,1.3.4
09/12/2025,6501453-35.2023.4.01.3344,Agravo de Instrumento,Maria Luísa Gomes,Des. Elisa da Luz,T1,"R$ 3.113,74
R$ 3.425,11",MG,Autor,CONCLUÍDO - ACÓRDÃO,1.2.2
01/12/2025,2188748-79.2021.4.01.3129,Mandado de Segurança,Luara Brito,Des. Carolina Nogueira,6T,"R$ 31.116,65",MT,Autor,PENDENTE DE ANÁLISE,1.3.2
29/12/2025,2980470-27.2025.4.01.3223,Agravo de Instrumento,Augusto Nunes,Des. Gael Henrique Silveira,2ª Seção,"R$ 39.779,11",PR,Assistente,TRIAGEM,1.4.1|2.3.3
25/12/2025,4520460-40.2022.4.01.3319,Agravo de Instrumento,Dr. Fernando Aragão,Des. Juan Pastor,1S,"R$ 12.750,10
R$ 14.025,11",AL,Terceiro,CONCLUÍDO - ACÓRDÃO,1.5.1
10/12/2025,9532960-44.2024.4.01.3133,Mandado de Segurança,Giovanna da Mata,Des. Bianca Fernandes,1S,"R$ 23.881,45",TO,Terceiro,PENDENTE DE ANÁLISE,1.2.1
11/01/2026,4840319-84.2021.4.01.3888,Execução Fiscal,Sr. Ravi Cunha,Des. Pedro Miguel Borges,T2,"R$ 37.478,46
R$ 41.226,31",DF,Assistente,CONCLUÍDO - ACÓRDÃO,1.1.4
09/01/2026,3188147-86.2021.4.01.3334,Apelação Cível,Maria Luísa Gomes,Des. Mariana Ramos,TERCEIRA SEÇÃO,"R$ 12.918,46",PB,Autor,CONCLUÍDO - ACÓRDÃO,1.5.3
23/12/2025,8884489-11.2022.4.01.3645,Apelação Cível,João Lucas Farias,Des. Davi Lucas Lima, ,"R$ 2.451,11",GO,Assistente,PENDENTE DE ANÁLISE,1.3.7|2.1.3
16/01/2026,7125858-71.2021.4.01.3309,Mandado de Segurança,Eloah da Rocha,Des. Augusto Leão,6T,"R$ 25.712,08",AM,Autor,TRIAGEM,1.2.2
21/12/2025,5287313-20.2024.4.01.3721,Agravo de Instrumento,Bernardo Araújo,Des. Carolina Nogueira,S2,"R$ 32.095,73",PB,Réu,TRIAGEM,1.3.1
17/01/2026,9975800-52.2021.4.01.3921,Mandado de Segurança,Eloah da Rocha,Des. Kamilly Vasconcelos,T5,"R$ 2.372,24
R$ 2.609,46",ES,Réu,TRIAGEM,1.4.9|2.3.6
08/01/2026,1531241-43.2021.4.01.3318,Mandado de Segurança,Maria Luísa Gomes,Des. Elisa da Luz,QUINTA TURMA,"R$ 14.983,28",RR,Assistente,AGUARDANDO PRAZO,1.3.4|2.2.1
16/12/2025,1301000-72.2024.4.01.3393,Apelação Cível,João Lucas Farias,Des. Mariana Ramos,,"R$ 31.793,83",PA,Autor,TRIAGEM,1.1.5
19/01/2026,6088099-56.2020.4.01.3225,Apelação Cível,Dr. Fernando Aragão,Des. Juan Pastor,Não Informado,"R$ 40.081,34",RR,Réu,TRIAGEM,1.1.2|2.2.2
28/12/2025,2343626-29.2024.4.01.3846,Apelação Cível,Dr. Fernando Aragão,Des. Gael Henrique Silveira,2T,"R$ 1.903,85",ES,Autor,TRIAGEM,1.2.9
30/12/2025,2961669-37.2021.4.01.3486,Apelação Cível,Dr. Davi Lucas Nogueira,Des. João Pedro Viana,S3,"R$ 15.705,32",PI,Assistente,AGUARDANDO PRAZO,1.4.6|2.3.2
03/12/2025,4787135-91.2024.4.01.3245,Agravo de Instrumento,Dr. Fernando Aragão,Des. Augusto Leão,T4,"R$ 41.893,89
R$ 46.083,28",PB,Réu,PENDENTE DE ANÁLISE,1.5.1|2.3.8
16/01/2026,3245299-73.2025.4.01.3747,Apelação Cível,Luara Brito,Des. Carolina Nogueira,PRIMEIRA TURMA,"R$ 31.178,37","RS
SP",Assistente,PENDENTE DE ANÁLISE,1.4.6
29/11/2025,9131514-46.2025.4.01.3906,Mandado de Segurança,Dr. Leonardo Viana,Des. Elisa da Luz, ,"R$ 47.054,35",PB,Terceiro,AGUARDANDO PRAZO,1.2.3
17/01/2026,4765700-83.2023.4.01.3555,Apelação Cível,Dr. Fernando Aragão,Des. Juan Pastor,3ª Turma,"R$ 48.739,56
R$ 53.613,52",AM,Terceiro,CONCLUÍDO - ACÓRDÃO,1.1.1
31/12/2025,8030933-73.2024.4.01.3192,Agravo de Instrumento,Dr. Fernando Aragão,Des. Elisa da Luz,SEGUNDATURMA,"R$ 19.258,63",SP,Réu,TRIAGEM,1.4.7
02/01/2026,5345590-74.2024.4.01.3198,Apelação Cível,Augusto Nunes,Des. Augusto Leão,TERCEIRATURMA,"R$ 24.101,52",RO,Assistente,PENDENTE DE ANÁLISE,1.1.4
04/12/2025,9632147-63.2024.4.01.3272,Agravo de Instrumento,Augusto Nunes,Des. Elisa da Luz,2S,"R$ 44.443,90",BA,Réu,CONCLUÍDO - SENTENÇA,1.5.2
29/12/2025,8858102-84.2020.4.01.3326,Agravo de Instrumento,Dr. Fernando Aragão,Des. João Miguel Cavalcante,3S,"R$ 26.281,65",RJ,Terceiro,AGUARDANDO PRAZO,1.5.3|2.5.9
06/01/2026,9317601-95.2023.4.01.3981,Mandado de Segurança,Augusto Nunes,Des. Kamilly Vasconcelos,1T,"R$ 34.661,59
R$ 38.127,75",RO,Assistente,TRIAGEM,1.5.1|2.3.9
23/12/2025,7832852-89.2024.4.01.3482,Apelação Cível,Dr. Davi Lucas Nogueira,Des. Mariana Ramos,T6,"R$ 6.336,46",PI,Assistente,AGUARDANDO PRAZO,1.4.1
19/01/2026,7255837-46.2020.4.01.3958,Mandado de Segurança,Dr. Leonardo Viana,Des. Elisa da Luz,CORTEESPECIAL,"R$ 3.405,41",PR,Autor,PENDENTE DE ANÁLISE,1.5.5
02/01/2026,4079039-94.2022.4.01.3704,Execução Fiscal,Sr. Ravi Cunha,Des. Gustavo Henrique Fernandes,PRIMEIRA TURMA,"R$ 48.170,57","RN
RJ",Terceiro,CONCLUÍDO - ACÓRDÃO,1.5.8
01/01/2026,6674181-55.2023.4.01.3795,Agravo de Instrumento,João Lucas Farias,Des. Carolina Nogueira,5ª Turma,"R$ 1.598,59",RR,Autor,TRIAGEM,1.1.3
19/12/2025,6615742-26.2022.4.01.3859,Execução Fiscal,João Lucas Farias,Des. Maria Flor Cardoso,QUINTATURMA,"R$ 3.921,72",AL,Réu,TRIAGEM,1.4.1
18/01/2026,8574448-46.2020.4.01.3898,Agravo de Instrumento,Sr. Ravi Cunha,Des. Elisa da Luz,S1,"R$ 46.740,21",SC,Assistente,PENDENTE DE ANÁLISE,1.3.8
12/12/2025,1490223-88.2023.4.01.3818,Mandado de Segurança,Luiz Felipe da Paz,Des. Elisa da Luz,SEGUNDA SEÇÃO,"R$ 23.070,92
R$ 25.378,01",TO,Terceiro,TRIAGEM,1.3.1|2.5.5
19/01/2026,7297834-81.2021.4.01.3977,Agravo de Instrumento,Dr. Leonardo Viana,Des. Gael Henrique Silveira,4T,"R$ 15.618,63",PR,Terceiro,CONCLUÍDO - ACÓRDÃO,1.4.8
11/12/2025,6277477-43.2023.4.01.3463,Mandado de Segurança,Luara Brito,Des. Kamilly Vasconcelos, ,"R$ 35.762,07
R$ 39.338,28",TO,Assistente,CONCLUÍDO - SENTENÇA,1.5.5
15/01/2026,6344477-45.2021.4.01.3220,Mandado de Segurança,Giovanna da Mata,Des. Davi Lucas Lima,CORTEESPECIAL,"R$ 49.500,97",TO,Réu,TRIAGEM,1.3.6
20/12/2025,3706947-97.2023.4.01.3803,Mandado de Segurança,Maria Luísa Gomes,Des. Gael Henrique Silveira,4T,"R$ 5.646,58",AM,Autor,CONCLUÍDO - SENTENÇA,1.1.6
15/12/2025,1414735-70.2022.4.01.3906,Apelação Cível,Sr. Ravi Cunha,Des. Augusto Leão,PRIMEIRATURMA,"R$ 9.079,24",ES,Terceiro,AGUARDANDO PRAZO,1.1.4
13/01/2026,3056088-41.2022.4.01.3262,Execução Fiscal,Dr. Leonardo Viana,Des. Bianca Fernandes,2ª Seção,"R$ 37.927,79",SC,Terceiro,AGUARDANDO PRAZO,1.4.4
14/12/2025,3783117-87.2020.4.01.3596,Apelação Cível,Dr. Davi Lucas Nogueira,Des. João Miguel Cavalcante,2T,"R$ 18.733,42",MT,Réu,CONCLUÍDO - SENTENÇA,1.4.4
27/12/2025,8170142-95.2021.4.01.3521,Agravo de Instrumento,Luara Brito,Des. Mariana Ramos,SEGUNDA TURMA,"R$ 5.209,87",PE,Réu,TRIAGEM,1.3.2|2.4.4
06/12/2025,3947380-54.2025.4.01.3515,Apelação Cível,Maria Luísa Gomes,Des. Davi Lucas Lima,1ª Seção,"R$ 17.093,71",SP,Autor,TRIAGEM,1.4.9
14/01/2026,1395634-15.2024.4.01.3930,Apelação Cível,Luara Brito,Des. Mariana Ramos,T5,"R$ 38.122,49",RJ,Réu,CONCLUÍDO - SENTENÇA,1.2.3
07/01/2026,4820503-83.2021.4.01.3835,Apelação Cível,Sr. Ravi Cunha,Des. Augusto Leão,T1,"R$ 44.020,78",RJ,Réu,CONCLUÍDO - ACÓRDÃO,1.4.3
13/01/2026,6744975-46.2025.4.01.3201,Mandado de Segurança,Dr. Leonardo Viana,Des. Gael Henrique Silveira,PRIMEIRATURMA,"R$ 35.893,92
R$ 39.483,31",MA,Terceiro,TRIAGEM,1.4.3
20/01/2026,4933347-23.2022.4.01.3883,Agravo de Instrumento,João Lucas Farias,Des. Nicolas da Costa,TERCEIRATURMA,"R$ 22.250,81",DF,Terceiro,CONCLUÍDO - SENTENÇA,1.4.7|2.2.9
08/01/2026,1760815-99.2023.4.01.3819,Apelação Cível,Sr. Ravi Cunha,Des. Gael Henrique Silveira,TERCEIRA TURMA,"R$ 4.909,32",MS,Assistente,PENDENTE DE ANÁLISE,1.5.6
18/01/2026,1754419-59.2023.4.01.3635,Agravo de Instrumento,Bernardo Araújo,Des. Davi Lucas Lima,3ª Turma,"R$ 37.395,12",AM,Réu,TRIAGEM,1.2.7|2.3.7
24/01/2026,5394845-46.2021.4.01.3109,Apelação Cível,Luiz Felipe da Paz,Des. Nicolas da Costa,Não Informado,"R$ 37.790,56",PA,Réu,TRIAGEM,1.1.2
15/12/2025,4419288-10.2025.4.01.3419,Agravo de Instrumento,Bernardo Araújo,Des. Gael Henrique Silveira,2S,"R$ 45.764,19",PI,Terceiro,TRIAGEM,1.4.6
09/01/2026,7685615-30.2025.4.01.3840,Agravo de Instrumento,Giovanna da Mata,Des. João Pedro Viana,1T,"R$ 32.772,00",AL,Autor,TRIAGEM,1.4.7
14/12/2025,1398411-88.2023.4.01.3447,Agravo de Instrumento,Augusto Nunes,Des. Mariana Ramos,1ª Seção,"R$ 45.800,14","DF
MS",Autor,CONCLUÍDO - ACÓRDÃO,1.3.3
17/01/2026,6203811-56.2023.4.01.3072,Execução Fiscal,Bernardo Araújo,Des. Gustavo Henrique Fernandes,SEGUNDATURMA,"R$ 32.133,78",RJ,Autor,AGUARDANDO PRAZO,1.1.4|2.3.9
22/12/2025,1220184-85.2021.4.01.3392,Apelação Cível,Luiz Felipe da Paz,Des. Bianca Fernandes,S2,"R$ 34.001,25",AP,Réu,TRIAGEM,1.1.3
29/11/2025,6191227-72.2024.4.01.3005,Execução Fiscal,Sr. Ravi Cunha,Des. Davi Lucas Lima,4ª Turma,"R$ 14.352,39",SC,Assistente,PENDENTE DE ANÁLISE,1.1.4
20/01/2026,9326360-67.2023.4.01.3053,Agravo de Instrumento,Dr. Davi Lucas Nogueira,Des. Mariana Ramos,T4,"R$ 21.926,00",DF,Assistente,CONCLUÍDO - ACÓRDÃO,1.3.3
19/12/2025,7935182-97.2023.4.01.3851,Mandado de Segurança,Augusto Nunes,Des. Maria Flor Cardoso, ,"R$ 45.800,47",RS,Terceiro,CONCLUÍDO - ACÓRDÃO,1.5.1
02/01/2026,7568194-23.2025.4.01.3179,Execução Fiscal,Sr. Ravi Cunha,Des. Kamilly Vasconcelos,2S,"R$ 36.249,64",SP,Autor,PENDENTE DE ANÁLISE,1.4.7|2.1.5
06/12/2025,2635333-73.2025.4.01.3591,Execução Fiscal,Augusto Nunes,Des. João Miguel Cavalcante,S1,"R$ 7.528,31",RR,Autor,PENDENTE DE ANÁLISE,1.2.4
29/11/2025,1429721-48.2022.4.01.3121,Mandado de Segurança,Luara Brito,Des. Kamilly Vasconcelos,6T,"R$ 23.506,84
R$ 25.857,52",RS,Réu,TRIAGEM,1.3.8|2.3.1
22/01/2026,4108204-98.2021.4.01.3016,Agravo de Instrumento,Augusto Nunes,Des. Elisa da Luz,CORTE ESPECIAL,"R$ 25.655,54",RR,Autor,AGUARDANDO PRAZO,1.4.7
08/01/2026,5478492-83.2024.4.01.3462,Apelação Cível,Maria Luísa Gomes,Des. Juan Pastor,6ª Turma,"R$ 5.401,46","PE
MA",Réu,CONCLUÍDO - SENTENÇA,1.5.4|2.3.8
14/12/2025,2570236-18.2024.4.01.3780,Apelação Cível,João Lucas Farias,Des. Gael Henrique Silveira,3ª Turma,"R$ 17.609,56",SE,Terceiro,TRIAGEM,1.1.2
05/01/2026,9357116-74.2025.4.01.3928,Apelação Cível,Maria Luísa Gomes,Des. Pedro Miguel Borges,3ª Seção,"R$ 18.152,26",SP,Terceiro,AGUARDANDO PRAZO,1.4.1
06/01/2026,8358531-22.2022.4.01.3120,Agravo de Instrumento,Dr. Davi Lucas Nogueira,Des. Elisa da Luz,SEGUNDATURMA,"R$ 19.212,15",DF,Autor,TRIAGEM,1.1.3
31/12/2025,7557279-69.2024.4.01.3945,Execução Fiscal,Luiz Felipe da Paz,Des. Augusto Leão,1S,"R$ 22.014,87",PA,Terceiro,CONCLUÍDO - SENTENÇA,1.4.6
30/11/2025,9504005-59.2020.4.01.3085,Execução Fiscal,Maria Luísa Gomes,Des. Gustavo Henrique Fernandes,S3,"R$ 45.380,94
R$ 49.919,03",MG,Assistente,CONCLUÍDO - SENTENÇA,1.5.8|2.5.9
31/12/2025,1485921-59.2023.4.01.3879,Execução Fiscal,Dr. Leonardo Viana,Des. Gustavo Henrique Fernandes,1ª Seção,"R$ 3.240,08",PA,Assistente,PENDENTE DE ANÁLISE,1.1.5
24/01/2026,8752011-29.2020.4.01.3059,Mandado de Segurança,Luiz Felipe da Paz,Des. Juan Pastor,3S,"R$ 8.691,10",AM,Réu,AGUARDANDO PRAZO,1.3.7
08/01/2026,9207501-59.2021.4.01.3037,Execução Fiscal,João Lucas Farias,Des. João Miguel Cavalcante,TERCEIRATURMA,"R$ 47.749,01",PI,Réu,CONCLUÍDO - SENTENÇA,1.5.5
14/12/2025,6304792-21.2021.4.01.3866,Execução Fiscal,Maria Luísa Gomes,Des. João Pedro Viana,3ª Seção,"R$ 12.464,46",SE,Assistente,CONCLUÍDO - ACÓRDÃO,1.1.4|2.5.2
08/01/2026,9714758-84.2022.4.01.3449,Apelação Cível,Eloah da Rocha,Des. Mariana Ramos,QUARTA TURMA,"R$ 42.016,28","AC
PI",Terceiro,TRIAGEM,1.3.4
10/01/2026,3804038-20.2024.4.01.3956,Mandado de Segurança,Luiz Felipe da Paz,Des. Kamilly Vasconcelos,PRIMEIRA TURMA,"R$ 26.564,34",CE,Réu,CONCLUÍDO - ACÓRDÃO,1.2.9|2.1.6
11/01/2026,7340224-24.2022.4.01.3335,Agravo de Instrumento,Eloah da Rocha,Des. Augusto Leão,CE,"R$ 8.030,65",PR,Assistente,AGUARDANDO PRAZO,1.3.7
12/12/2025,9303718-92.2022.4.01.3394,Apelação Cível,Maria Luísa Gomes,Des. Davi Lucas Lima,PRIMEIRASEÇÃO,"R$ 14.817,44",MG,Assistente,TRIAGEM,1.3.3
20/12/2025,4790629-19.2021.4.01.3224,Agravo de Instrumento,Bernardo Araújo,Des. João Miguel Cavalcante,6T,"R$ 29.491,80
R$ 32.440,98","RS
CE",Réu,PENDENTE DE ANÁLISE,1.5.4
18/12/2025,2011186-29.2021.4.01.3049,Execução Fiscal,Bernardo Araújo,Des. Mariana Ramos,QUARTATURMA,"R$ 5.449,48",DF,Autor,CONCLUÍDO - SENTENÇA,1.5.2
01/01/2026,8577691-53.2024.4.01.3758,Execução Fiscal,Dr. Davi Lucas Nogueira,Des. Kamilly Vasconcelos,Corte Especial,"R$ 34.727,51",PR,Terceiro,CONCLUÍDO - ACÓRDÃO,1.3.3
17/12/2025,8046561-88.2022.4.01.3868,Mandado de Segurança,Giovanna da Mata,Des. Maria Flor Cardoso,S1,"R$ 10.606,46",AC,Assistente,AGUARDANDO PRAZO,1.5.7|2.3.8
25/12/2025,8813078-18.2025.4.01.3926,Apelação Cível,Luara Brito,Des. João Pedro Viana,SEXTA TURMA,"R$ 11.311,89
R$ 12.443,08",ES,Autor,TRIAGEM,1.2.2
03/01/2026,7849934-72.2023.4.01.3404,Apelação Cível,Dr. Leonardo Viana,Des. João Miguel Cavalcante,TERCEIRA SEÇÃO,"R$ 46.718,68",MS,Réu,TRIAGEM,1.2.4|2.1.5
03/01/2026,1678896-27.2020.4.01.3158,Mandado de Segurança,Dr. Fernando Aragão,Des. Gael Henrique Silveira,SEGUNDATURMA,"R$ 33.853,86","ES
TO",Assistente,TRIAGEM,1.4.6
01/01/2026,9144469-57.2022.4.01.3581,Apelação Cível,Augusto Nunes,Des. Gael Henrique Silveira,SEGUNDA SEÇÃO,"R$ 16.017,56
R$ 17.619,32",AP,Assistente,AGUARDANDO PRAZO,1.4.2
21/01/2026,7522135-38.2025.4.01.3300,Apelação Cível,Dr. Leonardo Viana,Des. Pedro Miguel Borges,3ª Turma,"R$ 24.024,86",AP,Autor,CONCLUÍDO - SENTENÇA,1.1.5
17/12/2025,7658996-34.2021.4.01.3765,Mandado de Segurança,Augusto Nunes,Des. Elisa da Luz,QUARTATURMA,"R$ 17.826,96",CE,Réu,PENDENTE DE ANÁLISE,1.1.1
05/01/2026,6145038-95.2021.4.01.3596,Mandado de Segurança,Luara Brito,Des. Kamilly Vasconcelos,1ª Seção,"R$ 10.412,25",SP,Réu,CONCLUÍDO - SENTENÇA,1.4.8|2.1.4
22/12/2025,2523627-68.2025.4.01.3763,Agravo de Instrumento,Bernardo Araújo,Des. Pedro Miguel Borges,T4,"R$ 37.040,61",TO,Terceiro,AGUARDANDO PRAZO,1.3.7
25/12/2025,6395170-29.2021.4.01.3069,Mandado de Segurança,Eloah da Rocha,Des. Elisa da Luz,2ª Seção,"R$ 25.124,91
R$ 27.637,40",AC,Autor,PENDENTE DE ANÁLISE,1.5.9
29/12/2025,9196272-14.2020.4.01.3654,Execução Fiscal,Augusto Nunes,Des. Gustavo Henrique Fernandes,1S,"R$ 16.965,40",PI,Assistente,CONCLUÍDO - ACÓRDÃO,1.3.7
12/01/2026,3730760-68.2023.4.01.3661,Execução Fiscal,Augusto Nunes,Des. Gael Henrique Silveira,QUINTATURMA,"R$ 44.246,79
R$ 48.671,47","PB
MS",Autor,AGUARDANDO PRAZO,1.5.3
14/12/2025,3748734-63.2021.4.01.3328,Agravo de Instrumento,Sr. Ravi Cunha,Des. Nicolas da Costa,SEGUNDA SEÇÃO,"R$ 28.827,63
R$ 31.710,39",MS,Réu,TRIAGEM,1.1.1|2.5.9
16/01/2026,5982617-17.2025.4.01.3066,Mandado de Segurança,Eloah da Rocha,Des. Pedro Miguel Borges,CORTE ESPECIAL,"R$ 26.671,61",PA,Réu,AGUARDANDO PRAZO,1.2.2
26/12/2025,7228539-86.2021.4.01.3642,Execução Fiscal,Dr. Fernando Aragão,Des. Gustavo Henrique Fernandes,SEXTATURMA,"R$ 27.800,91
R$ 30.581,00",SC,Terceiro,TRIAGEM,1.5.3
24/12/2025,5758801-68.2022.4.01.3247,Mandado de Segurança,Dr. Davi Lucas Nogueira,Des. Davi Lucas Lima,CORTE ESPECIAL,"R$ 34.356,63",BA,Autor,CONCLUÍDO - SENTENÇA,1.2.1
31/12/2025,6597559-53.2025.4.01.3240,Mandado de Segurança,Maria Luísa Gomes,Des. Carolina Nogueira,2ª Turma,"R$ 49.043,62",MS,Réu,CONCLUÍDO - ACÓRDÃO,1.4.8
13/01/2026,7314974-24.2021.4.01.3956,Apelação Cível,Dr. Davi Lucas Nogueira,Des. Elisa da Luz,CE,"R$ 49.030,31",BA,Autor,AGUARDANDO PRAZO,1.1.7
14/12/2025,3941138-33.2021.4.01.3961,Apelação Cível,Maria Luísa Gomes,Des. Gustavo Henrique Fernandes,S2,"R$ 8.798,04
R$ 9.677,84",RR,Autor,CONCLUÍDO - ACÓRDÃO,1.1.4
13/01/2026,5601482-54.2022.4.01.3135,Execução Fiscal,Luiz Felipe da Paz,Des. Elisa da Luz,SEGUNDA TURMA,"R$ 10.983,89","SP
RO",Terceiro,AGUARDANDO PRAZO,1.2.7|2.2.7
13/12/2025,9490036-46.2023.4.01.3112,Agravo de Instrumento,Dr. Fernando Aragão,Des. Kamilly Vasconcelos,TERCEIRA SEÇÃO,"R$ 5.746,62",AM,Réu,CONCLUÍDO - SENTENÇA,1.5.1|2.1.6
08/12/2025,3868445-99.2023.4.01.3390,Mandado de Segurança,Giovanna da Mata,Des. Kamilly Vasconcelos,6T,"R$ 39.960,21",GO,Terceiro,AGUARDANDO PRAZO,1.1.9
05/12/2025,1263971-87.2024.4.01.3650,Agravo de Instrumento,Dr. Leonardo Viana,Des. Juan Pastor,CORTE ESPECIAL,"R$ 7.264,65",RN,Terceiro,CONCLUÍDO - SENTENÇA,1.4.7
23/01/2026,7544700-26.2025.4.01.3563,Apelação Cível,Dr. Leonardo Viana,Des. Nicolas da Costa,T5,"R$ 35.797,04",RR,Autor,AGUARDANDO PRAZO,1.4.9
18/01/2026,3674420-71.2024.4.01.3559,Apelação Cível,Sr. Ravi Cunha,Des. Maria Flor Cardoso,Não Informado,"R$ 27.474,83",RJ,Autor,CONCLUÍDO - ACÓRDÃO,1.3.8
26/01/2026,8661381-75.2021.4.01.3560,Execução Fiscal,Bernardo Araújo,Des. Carolina Nogueira,1  Turma,"R$ 25.495,89",PB,Terceiro,PENDENTE DE ANÁLISE,1.1.7
29/12/2025,7106808-47.2023.4.01.3922,Apelação Cível,Eloah da Rocha,Des. Augusto Leão,5ª Turma,"R$ 1.849,93",AC,Terceiro,AGUARDANDO PRAZO,1.5.8
06/12/2025,9191846-33.2022.4.01.3747,Agravo de Instrumento,Luiz Felipe da Paz,Des. Maria Flor Cardoso,CE,"R$ 23.437,09",ES,Terceiro,CONCLUÍDO - ACÓRDÃO,1.2.7
04/01/2026,6077495-43.2023.4.01.3813,Execução Fiscal,Luara Brito,Des. Bianca Fernandes,3ª Turma,"R$ 23.292,58","PE
RS",Réu,CONCLUÍDO - SENTENÇA,1.3.5|2.1.8
23/01/2026,8009994-81.2021.4.01.3381,Agravo de Instrumento,Dr. Davi Lucas Nogueira,Des. Maria Flor Cardoso,S2,"R$ 27.423,09",RO,Autor,CONCLUÍDO - ACÓRDÃO,1.1.7|2.2.2
05/12/2025,9392707-79.2022.4.01.3530,Agravo de Instrumento,Dr. Davi Lucas Nogueira,Des. Bianca Fernandes,CE,"R$ 17.210,96",AL,Terceiro,CONCLUÍDO - SENTENÇA,1.1.5
26/12/2025,4501146-69.2023.4.01.3342,Agravo de Instrumento,Dr. Leonardo Viana,Des. Nicolas da Costa,QUINTA TURMA,"R$ 48.839,82",RJ,Réu,CONCLUÍDO - ACÓRDÃO,1.2.9|2.3.4
01/01/2026,5470271-30.2021.4.01.3877,Mandado de Segurança,Dr. Fernando Aragão,Des. Gael Henrique Silveira,SEXTA TURMA,"R$ 41.190,46",MS,Assistente,TRIAGEM,1.1.2
10/01/2026,4255910-83.2022.4.01.3399,Apelação Cível,Dr. Leonardo Viana,Des. Juan Pastor,PRIMEIRA TURMA,"R$ 41.951,76",MT,Assistente,CONCLUÍDO - ACÓRDÃO,1.4.4
27/12/2025,4461517-42.2024.4.01.3384,Apelação Cível,Luiz Felipe da Paz,Des. João Miguel Cavalcante,SEXTA TURMA,"R$ 48.054,85",PE,Terceiro,CONCLUÍDO - SENTENÇA,1.2.5
05/01/2026,8069920-33.2020.4.01.3837,Execução Fiscal,Sr. Ravi Cunha,Des. Elisa da Luz,3S,"R$ 46.299,68",PI,Réu,AGUARDANDO PRAZO,1.1.9|2.5.1
09/01/2026,6721448-58.2020.4.01.3875,Agravo de Instrumento,Dr. Fernando Aragão,Des. João Miguel Cavalcante,CE,"R$ 48.192,81",PA,Terceiro,PENDENTE DE ANÁLISE,1.2.6|2.2.3
23/01/2026,6864944-60.2025.4.01.3724,Mandado de Segurança,João Lucas Farias,Des. Mariana Ramos,3T,"R$ 37.825,57",RN,Assistente,TRIAGEM,1.1.8
20/01/2026,3838717-33.2020.4.01.3248,Apelação Cível,Dr. Davi Lucas Nogueira,Des. Nicolas da Costa,4T,"R$ 25.211,57",PA,Autor,CONCLUÍDO - SENTENÇA,1.2.7|2.2.4
03/01/2026,6720135-95.2022.4.01.3650,Execução Fiscal,Dr. Davi Lucas Nogueira,Des. João Miguel Cavalcante,2ª Turma,"R$ 30.757,14",PB,Assistente,CONCLUÍDO - SENTENÇA,1.2.1
04/01/2026,6817950-70.2025.4.01.3691,Execução Fiscal,Luiz Felipe da Paz,Des. Gael Henrique Silveira,TERCEIRA SEÇÃO,"R$ 2.858,29
R$ 3.144,12",AC,Assistente,CONCLUÍDO - ACÓRDÃO,1.3.4
05/12/2025,1667116-94.2025.4.01.3732,Execução Fiscal,João Lucas Farias,Des. Nicolas da Costa,QUARTA TURMA,"R$ 37.689,93",CE,Réu,TRIAGEM,1.4.1
27/01/2026,1328505-22.2022.4.01.3239,Mandado de Segurança,Luara Brito,Des. Juan Pastor,3T,"R$ 41.619,60",ES,Autor,TRIAGEM,1.4.9
21/01/2026,8922100-99.2023.4.01.3597,Apelação Cível,Luiz Felipe da Paz,Des. João Miguel Cavalcante,SEGUNDATURMA,"R$ 19.176,50","SP
SE",Autor,TRIAGEM,1.1.1
02/01/2026,1168496-79.2020.4.01.3179,Apelação Cível,Sr. Ravi Cunha,Des. Elisa da Luz,Não Informado,"R$ 28.074,25
R$ 30.881,68",RO,Terceiro,CONCLUÍDO - SENTENÇA,1.4.2|2.2.6
03/01/2026,3534648-82.2025.4.01.3519,Apelação Cível,Giovanna da Mata,Des. Pedro Miguel Borges,TERCEIRATURMA,"R$ 12.284,77",SC,Assistente,CONCLUÍDO - ACÓRDÃO,1.4.6
08/01/2026,7895332-14.2024.4.01.3531,Agravo de Instrumento,Dr. Davi Lucas Nogueira,Des. Gustavo Henrique Fernandes,T3,"R$ 31.716,50",BA,Autor,TRIAGEM,1.5.9|2.3.9
20/01/2026,7917146-92.2025.4.01.3732,Apelação Cível,Dr. Fernando Aragão,Des. Nicolas da Costa,TERCEIRA TURMA,"R$ 3.586,92","CE
GO",Autor,TRIAGEM,1.4.7|2.1.9
08/12/2025,7479671-98.2024.4.01.3688,Apelação Cível,Eloah da Rocha,Des. Pedro Miguel Borges,1ª Seção,"R$ 13.680,39",PI,Autor,CONCLUÍDO - SENTENÇA,1.2.3|2.4.8
27/12/2025,8231505-75.2020.4.01.3418,Mandado de Segurança,Dr. Fernando Aragão,Des. Gustavo Henrique Fernandes,CORTE ESPECIAL,"R$ 13.831,55",BA,Terceiro,PENDENTE DE ANÁLISE,1.2.4
13/01/2026,6725435-93.2023.4.01.3267,Agravo de Instrumento,Bernardo Araújo,Des. Bianca Fernandes,1ª Turma,"R$ 34.707,39",RS,Terceiro,CONCLUÍDO - ACÓRDÃO,1.5.9|2.5.4
19/12/2025,9203351-96.2022.4.01.3075,Apelação Cível,Eloah da Rocha,Des. Juan Pastor,CORTE ESPECIAL,"R$ 26.684,93",AL,Réu,PENDENTE DE ANÁLISE,1.1.6|2.2.5
02/12/2025,4738403-37.2021.4.01.3320,Execução Fiscal,Augusto Nunes,Des. Nicolas da Costa,2ª Seção,"R$ 27.268,60",BA,Terceiro,PENDENTE DE ANÁLISE,1.3.4
25/12/2025,5434605-87.2022.4.01.3727,Apelação Cível,João Lucas Farias,Des. Juan Pastor,TERCEIRATURMA,"R$ 21.100,04",MG,Terceiro,AGUARDANDO PRAZO,1.1.7|2.2.8
31/12/2025,1551556-70.2022.4.01.3685,Mandado de Segurança,Bernardo Araújo,Des. Carolina Nogueira,CE,"R$ 43.381,61",PA,Autor,CONCLUÍDO - ACÓRDÃO,1.3.9
09/12/2025,3526202-47.2025.4.01.3431,Mandado de Segurança,Dr. Davi Lucas Nogueira,Des. Augusto Leão,SEGUNDA SEÇÃO,"R$ 3.383,89",PR,Réu,PENDENTE DE ANÁLISE,1.3.6|2.3.8
08/12/2025,5867404-38.2022.4.01.3282,Execução Fiscal,Sr. Ravi Cunha,Des. Mariana Ramos,2ª Seção,"R$ 3.160,20",RJ,Réu,CONCLUÍDO - SENTENÇA,1.1.7
04/12/2025,8084323-12.2020.4.01.3242,Execução Fiscal,Sr. Ravi Cunha,Des. Pedro Miguel Borges,6T,"R$ 38.162,33",AL,Autor,PENDENTE DE ANÁLISE,1.1.4
27/01/2026,2923485-15.2021.4.01.3574,Apelação Cível,Dr. Leonardo Viana,Des. Kamilly Vasconcelos,3T,"R$ 18.832,88",RO,Réu,PENDENTE DE ANÁLISE,1.5.6|2.5.5
15/12/2025,1150775-49.2020.4.01.3274,Agravo de Instrumento,Luara Brito,Des. Davi Lucas Lima,2ª Turma,"R$ 47.766,95",BA,Terceiro,TRIAGEM,1.5.2
27/01/2026,6073060-15.2020.4.01.3263,Agravo de Instrumento,Augusto Nunes,Des. Gael Henrique Silveira,T6,"R$ 33.216,12",PR,Assistente,CONCLUÍDO - ACÓRDÃO,1.5.7|2.4.9
05/01/2026,9416500-29.2023.4.01.3778,Apelação Cível,Dr. Davi Lucas Nogueira,Des. Juan Pastor, ,"R$ 37.495,00",BA,Terceiro,AGUARDANDO PRAZO,1.1.7|2.4.1
15/12/2025,4234140-58.2021.4.01.3929,Mandado de Segurança,Sr. Ravi Cunha,Des. Gustavo Henrique Fernandes,1ª Seção,"R$ 36.698,41",MS,Autor,AGUARDANDO PRAZO,1.4.7
13/01/2026,1662898-97.2023.4.01.3552,Agravo de Instrumento,Eloah da Rocha,Des. Kamilly Vasconcelos,SEGUNDATURMA,"R$ 32.347,79",GO,Réu,TRIAGEM,1.4.1|2.4.9
11/12/2025,2684011-84.2020.4.01.3335,Agravo de Instrumento,Giovanna da Mata,Des. Maria Flor Cardoso,5T,"R$ 13.897,30",SC,Terceiro,CONCLUÍDO - ACÓRDÃO,1.3.4
06/01/2026,4797319-79.2024.4.01.3968,Apelação Cível,Luiz Felipe da Paz,Des. Gael Henrique Silveira,1T,"R$ 45.718,85
R$ 50.290,74","SC
RO",Assistente,AGUARDANDO PRAZO,1.3.8
12/12/2025,5935646-21.2021.4.01.3199,Mandado de Segurança,João Lucas Farias,Des. Davi Lucas Lima,T1,"R$ 27.337,67",DF,Autor,CONCLUÍDO - SENTENÇA,1.5.3|2.5.7
09/12/2025,6900521-11.2024.4.01.3116,Agravo de Instrumento,Dr. Davi Lucas Nogueira,Des. Gustavo Henrique Fernandes,5ª Turma,"R$ 4.306,54",BA,Terceiro,AGUARDANDO PRAZO,1.3.6|2.1.1
26/01/2026,2909976-94.2024.4.01.3016,Apelação Cível,Eloah da Rocha,Des. Carolina Nogueira,CORTEESPECIAL,"R$ 49.398,73",AL,Autor,PENDENTE DE ANÁLISE,1.5.5
26/12/2025,9294587-19.2020.4.01.3340,Mandado de Segurança,Luiz Felipe da Paz,Des. Mariana Ramos,TERCEIRA SEÇÃO,"R$ 7.786,32","TO
AM",Réu,TRIAGEM,1.2.3
12/12/2025,8124957-26.2022.4.01.3492,Agravo de Instrumento,Eloah da Rocha,Des. Kamilly Vasconcelos,T6,"R$ 43.483,16",RJ,Terceiro,CONCLUÍDO - ACÓRDÃO,1.1.3|2.4.8
30/11/2025,1744818-91.2022.4.01.3879,Mandado de Segurança,Luiz Felipe da Paz,Des. Mariana Ramos,3ª Turma,"R$ 38.448,65",RO,Assistente,CONCLUÍDO - ACÓRDÃO,1.5.4|2.4.8
05/12/2025,1113828-45.2021.4.01.3892,Apelação Cível,Sr. Ravi Cunha,Des. Gael Henrique Silveira,S1,"R$ 12.520,32
R$ 13.772,35",PI,Autor,AGUARDANDO PRAZO,1.3.6
17/01/2026,5490169-23.2024.4.01.3531,Mandado de Segurança,Sr. Ravi Cunha,Des. Juan Pastor,PRIMEIRASEÇÃO,"R$ 36.739,46",RS,Assistente,CONCLUÍDO - ACÓRDÃO,1.1.5
30/12/2025,4858316-86.2024.4.01.3817,Mandado de Segurança,Luiz Felipe da Paz,Des. Mariana Ramos,CORTE ESPECIAL,"R$ 32.492,24
R$ 35.741,46",RJ,Réu,CONCLUÍDO - ACÓRDÃO,1.2.4
12/01/2026,9443831-59.2025.4.01.3832,Apelação Cível,Luara Brito,Des. Gustavo Henrique Fernandes,4ª Turma,"R$ 39.424,63",BA,Autor,CONCLUÍDO - ACÓRDÃO,1.3.9
25/01/2026,4158017-13.2023.4.01.3239,Execução Fiscal,Dr. Leonardo Viana,Des. Davi Lucas Lima,1S,"R$ 42.967,03
R$ 47.263,73",TO,Autor,CONCLUÍDO - ACÓRDÃO,1.2.8|2.4.2
07/01/2026,2712692-11.2020.4.01.3256,Agravo de Instrumento,Augusto Nunes,Des. Gustavo Henrique Fernandes,T6,"R$ 30.496,87",MG,Réu,TRIAGEM,1.1.2
26/12/2025,5052043-75.2021.4.01.3983,Apelação Cível,Augusto Nunes,Des. Augusto Leão,SEXTA TURMA,"R$ 34.067,45",AL,Assistente,TRIAGEM,1.3.3
08/12/2025,9867999-30.2024.4.01.3498,Mandado de Segurança,Dr. Leonardo Viana,Des. Elisa da Luz,QUARTA TURMA,"R$ 26.594,98",PR,Réu,TRIAGEM,1.4.6|2.3.2
13/12/2025,9562080-74.2021.4.01.3003,Execução Fiscal,Luiz Felipe da Paz,Des. Kamilly Vasconcelos,Não Informado,"R$ 1.042,57",BA,Terceiro,CONCLUÍDO - ACÓRDÃO,1.4.5
27/01/2026,2935009-50.2020.4.01.3659,Execução Fiscal,Augusto Nunes,Des. João Pedro Viana,T2,"R$ 4.270,61",PR,Terceiro,AGUARDANDO PRAZO,1.3.3
12/01/2026,4484350-14.2021.4.01.3296,Apelação Cível,Bernardo Araújo,Des. Nicolas da Costa,4ª Turma,"R$ 25.543,01",GO,Terceiro,CONCLUÍDO - SENTENÇA,1.5.4|2.5.1
17/01/2026,5049482-43.2023.4.01.3119,Execução Fiscal,Maria Luísa Gomes,Des. Davi Lucas Lima,S1,"R$ 19.678,34",RO,Réu,PENDENTE DE ANÁLISE,1.2.4
21/12/2025,2847615-86.2023.4.01.3374,Agravo de Instrumento,Luiz Felipe da Paz,Des. Mariana Ramos,S2,"R$ 5.991,14
R$ 6.590,25",MT,Terceiro,CONCLUÍDO - ACÓRDÃO,1.1.7|2.4.3
18/12/2025,8676116-71.2023.4.01.3831,Execução Fiscal,Bernardo Araújo,Des. Bianca Fernandes,2T,"R$ 18.246,12",SP,Réu,CONCLUÍDO - ACÓRDÃO,1.1.1|2.3.6
26/12/2025,3860289-48.2021.4.01.3788,Mandado de Segurança,Maria Luísa Gomes,Des. Mariana Ramos,1  Turma,"R$ 35.692,56",MG,Assistente,PENDENTE DE ANÁLISE,1.2.8
22/01/2026,1244583-99.2023.4.01.3438,Mandado de Segurança,Maria Luísa Gomes,Des. Elisa da Luz,TERCEIRA TURMA,"R$ 5.077,77",MS,Terceiro,CONCLUÍDO - SENTENÇA,1.5.4
16/12/2025,1710665-23.2022.4.01.3830,Agravo de Instrumento,Luara Brito,Des. Gustavo Henrique Fernandes,TERCEIRA TURMA,"R$ 1.622,02",RJ,Terceiro,TRIAGEM,1.1.5
29/12/2025,6159340-65.2023.4.01.3271,Execução Fiscal,Dr. Davi Lucas Nogueira,Des. Gael Henrique Silveira,SEXTA TURMA,"R$ 40.209,99",RJ,Réu,CONCLUÍDO - SENTENÇA,1.4.9|2.2.6
16/12/2025,1818841-70.2020.4.01.3072,Apelação Cível,Eloah da Rocha,Des. Gustavo Henrique Fernandes,QUINTA TURMA,"R$ 44.913,93
R$ 49.405,32",ES,Terceiro,PENDENTE DE ANÁLISE,1.5.2
20/12/2025,1786651-13.2022.4.01.3051,Mandado de Segurança,Sr. Ravi Cunha,Des. Augusto Leão,4ª Turma,"R$ 33.861,91",TO,Terceiro,PENDENTE DE ANÁLISE,1.1.9
27/01/2026,2129024-17.2020.4.01.3112,Mandado de Segurança,João Lucas Farias,Des. Carolina Nogueira,CORTEESPECIAL,"R$ 18.261,85",PA,Réu,TRIAGEM,1.3.7|2.5.5
01/12/2025,2572892-14.2024.4.01.3782,Execução Fiscal,Augusto Nunes,Des. Davi Lucas Lima,S2,"R$ 23.384,57",AP,Assistente,PENDENTE DE ANÁLISE,1.3.9
21/01/2026,6430868-32.2025.4.01.3467,Execução Fiscal,Augusto Nunes,Des. Gael Henrique Silveira,S1,"R$ 17.959,20",RJ,Assistente,CONCLUÍDO - SENTENÇA,1.2.6
08/12/2025,3854250-93.2025.4.01.3611,Apelação Cível,Dr. Leonardo Viana,Des. Carolina Nogueira,QUINTA TURMA,"R$ 40.424,65",MT,Autor,AGUARDANDO PRAZO,1.4.1
14/01/2026,7455972-15.2022.4.01.3498,Agravo de Instrumento,Luara Brito,Des. João Pedro Viana,T3,"R$ 27.497,88
R$ 30.247,67",AC,Autor,CONCLUÍDO - ACÓRDÃO,1.5.9
17/01/2026,5098477-10.2020.4.01.3194,Agravo de Instrumento,Augusto Nunes,Des. Maria Flor Cardoso,4T,"R$ 15.540,98",RR,Autor,PENDENTE DE ANÁLISE,1.5.5
04/12/2025,5438592-90.2022.4.01.3508,Apelação Cível,Dr. Davi Lucas Nogueira,Des. Augusto Leão,3ª Seção,"R$ 14.207,98
R$ 15.628,78","PA
RR",Assistente,PENDENTE DE ANÁLISE,1.4.9
03/12/2025,5268673-96.2024.4.01.3027,Agravo de Instrumento,Eloah da Rocha,Des. João Miguel Cavalcante,PRIMEIRASEÇÃO,"R$ 10.559,35",MT,Terceiro,AGUARDANDO PRAZO,1.5.1|2.2.5
02/01/2026,2078269-58.2024.4.01.3425,Apelação Cível,Eloah da Rocha,Des. Augusto Leão,SEGUNDASEÇÃO,"R$ 44.717,43",AC,Terceiro,PENDENTE DE ANÁLISE,1.4.9
30/11/2025,9476850-91.2022.4.01.3781,Agravo de Instrumento,Dr. Leonardo Viana,Des. Augusto Leão,3ª Turma,"R$ 37.102,98",PI,Autor,CONCLUÍDO - ACÓRDÃO,1.5.6
01/12/2025,3620469-88.2024.4.01.3897,Mandado de Segurança,Giovanna da Mata,Des. Juan Pastor,CORTE ESPECIAL,"R$ 37.169,10",TO,Autor,PENDENTE DE ANÁLISE,1.5.7
22/12/2025,9385697-36.2021.4.01.3902,Mandado de Segurança,Dr. Davi Lucas Nogueira,Des. João Pedro Viana,QUARTA TURMA,"R$ 28.325,21",SP,Réu,CONCLUÍDO - ACÓRDÃO,1.4.3
01/12/2025,6983849-23.2024.4.01.3752,Mandado de Segurança,Luara Brito,Des. Juan Pastor,TERCEIRASEÇÃO,"R$ 8.624,26",MA,Terceiro,TRIAGEM,1.2.3|2.4.6
26/01/2026,3734485-60.2024.4.01.3324,Apelação Cível,Dr. Fernando Aragão,Des. Mariana Ramos,TERCEIRA TURMA,"R$ 42.279,27",AM,Réu,CONCLUÍDO - ACÓRDÃO,1.5.9|2.4.3
08/01/2026,5696828-47.2020.4.01.3757,Execução Fiscal,Augusto Nunes,Des. Gustavo Henrique Fernandes,Não Informado,"R$ 16.798,32",MG,Assistente,CONCLUÍDO - SENTENÇA,1.1.9
17/12/2025,4835243-13.2024.4.01.3667,Execução Fiscal,Eloah da Rocha,Des. Pedro Miguel Borges,3S,"R$ 6.557,53
R$ 7.213,28",AC,Terceiro,CONCLUÍDO - ACÓRDÃO,1.2.8
19/12/2025,9574343-88.2021.4.01.3105,Apelação Cível,Sr. Ravi Cunha,Des. Augusto Leão,CORTEESPECIAL,"R$ 24.050,76
R$ 26.455,84",GO,Terceiro,PENDENTE DE ANÁLISE,1.1.6
09/12/2025,5042966-94.2023.4.01.3841,Execução Fiscal,João Lucas Farias,Des. Juan Pastor,1T,"R$ 36.612,85",TO,Assistente,CONCLUÍDO - ACÓRDÃO,1.3.6
23/01/2026,1922130-17.2023.4.01.3064,Mandado de Segurança,Giovanna da Mata,Des. Davi Lucas Lima,1T,"R$ 29.270,36","MG
RN",Assistente,AGUARDANDO PRAZO,1.2.3
24/12/2025,6673305-48.2024.4.01.3869,Execução Fiscal,Luara Brito,Des. Mariana Ramos,QUINTATURMA,"R$ 19.809,85",MS,Réu,TRIAGEM,1.2.3
27/12/2025,4526535-11.2020.4.01.3982,Apelação Cível,Maria Luísa Gomes,Des. Juan Pastor,2T,"R$ 40.346,14
R$ 44.380,75",SC,Terceiro,CONCLUÍDO - ACÓRDÃO,1.3.7|2.2.1
12/01/2026,6948614-76.2024.4.01.3346,Apelação Cível,Giovanna da Mata,Des. Kamilly Vasconcelos,CORTE ESPECIAL,"R$ 3.568,47","AL
AM",Réu,TRIAGEM,1.1.5|2.1.7
20/01/2026,4038040-82.2022.4.01.3925,Agravo de Instrumento,Dr. Leonardo Viana,Des. Gustavo Henrique Fernandes,SEXTATURMA,"R$ 45.323,44",PE,Réu,CONCLUÍDO - SENTENÇA,1.5.5|2.4.9
26/12/2025,2148473-38.2022.4.01.3470,Agravo de Instrumento,Maria Luísa Gomes,Des. Nicolas da Costa,3T,"R$ 46.590,19",PA,Terceiro,TRIAGEM,1.1.2
25/12/2025,7883625-64.2021.4.01.3214,Agravo de Instrumento,Dr. Leonardo Viana,Des. Carolina Nogueira,SEXTA TURMA,"R$ 18.534,03
R$ 20.387,43","SC
MG",Autor,PENDENTE DE ANÁLISE,1.3.1
04/01/2026,5389650-16.2020.4.01.3556,Execução Fiscal,Luiz Felipe da Paz,Des. Davi Lucas Lima,TERCEIRA TURMA,"R$ 23.103,79",MT,Autor,PENDENTE DE ANÁLISE,1.5.5
08/12/2025,1368660-65.2023.4.01.3122,Agravo de Instrumento,Giovanna da Mata,Des. Davi Lucas Lima,T3,"R$ 20.849,80",SC,Réu,TRIAGEM,1.2.7|2.2.9
07/12/2025,2024303-54.2020.4.01.3307,Apelação Cível,Maria Luísa Gomes,Des. Mariana Ramos,T2,"R$ 37.489,34",AC,Autor,CONCLUÍDO - ACÓRDÃO,1.3.8|2.4.4
22/12/2025,8553956-12.2022.4.01.3382,Execução Fiscal,João Lucas Farias,Des. Augusto Leão,SEGUNDATURMA,"R$ 42.882,16",DF,Assistente,CONCLUÍDO - SENTENÇA,1.3.3
31/12/2025,5016609-20.2021.4.01.3409,Agravo de Instrumento,Dr. Davi Lucas Nogueira,Des. Mariana Ramos,SEGUNDA SEÇÃO,"R$ 20.702,18",SP,Terceiro,TRIAGEM,1.5.9
04/12/2025,7497487-88.2025.4.01.3294,Apelação Cível,Eloah da Rocha,Des. Mariana Ramos,S2,"R$ 24.772,58",AC,Terceiro,AGUARDANDO PRAZO,1.1.5|2.2.5
01/12/2025,3954537-69.2022.4.01.3351,Apelação Cível,Maria Luísa Gomes,Des. Elisa da Luz,TERCEIRA SEÇÃO,"R$ 40.638,64
R$ 44.702,50",SE,Réu,AGUARDANDO PRAZO,1.4.8
21/01/2026,9600785-59.2024.4.01.3829,Mandado de Segurança,Maria Luísa Gomes,Des. João Miguel Cavalcante,SEGUNDATURMA,"R$ 48.405,36",AP,Réu,AGUARDANDO PRAZO,1.3.2
20/12/2025,4404927-57.2024.4.01.3682,Mandado de Segurança,Luara Brito,Des. Elisa da Luz,3S,"R$ 12.919,66
R$ 14.211,63","MG
RR",Autor,TRIAGEM,1.5.7
04/12/2025,1927628-50.2023.4.01.3836,Mandado de Segurança,Bernardo Araújo,Des. Kamilly Vasconcelos,2ª Seção,"R$ 23.280,65",RS,Terceiro,PENDENTE DE ANÁLISE,1.2.8
29/12/2025,6194946-37.2024.4.01.3815,Apelação Cível,Luara Brito,Des. Bianca Fernandes,SEXTATURMA,"R$ 49.141,76",AP,Terceiro,PENDENTE DE ANÁLISE,1.4.8
19/01/2026,2598768-89.2022.4.01.3007,Apelação Cível,Eloah da Rocha,Des. Elisa da Luz,1ª Turma,"R$ 11.427,29",PA,Réu,CONCLUÍDO - ACÓRDÃO,1.4.3
15/12/2025,2401870-54.2025.4.01.3560,Execução Fiscal,Augusto Nunes,Des. Nicolas da Costa,SEXTA TURMA,"R$ 18.844,95",CE,Terceiro,TRIAGEM,1.1.5
21/01/2026,7894513-24.2022.4.01.3648,Apelação Cível,Giovanna da Mata,Des. Augusto Leão,3ª Seção,"R$ 3.036,46",MS,Assistente,AGUARDANDO PRAZO,1.3.3
12/12/2025,9455859-31.2022.4.01.3640,Agravo de Instrumento,Eloah da Rocha,Des. Pedro Miguel Borges,1T,"R$ 11.441,40",PI,Terceiro,CONCLUÍDO - ACÓRDÃO,1.4.4|2.2.6
12/12/2025,9764044-11.2025.4.01.3947,Apelação Cível,Eloah da Rocha,Des. Davi Lucas Lima,1ª Turma,"R$ 4.607,70","AM
PE",Assistente,CONCLUÍDO - ACÓRDÃO,1.2.4
02/12/2025,5603300-58.2020.4.01.3535,Execução Fiscal,Bernardo Araújo,Des. Pedro Miguel Borges,3ª Turma,"R$ 24.569,04",GO,Terceiro,AGUARDANDO PRAZO,1.4.6
27/01/2026,1810103-80.2021.4.01.3502,Mandado de Segurança,Luara Brito,Des. Gustavo Henrique Fernandes,3ª Seção,"R$ 24.693,96
R$ 27.163,36",DF,Autor,PENDENTE DE ANÁLISE,1.2.1
18/12/2025,4684604-86.2020.4.01.3546,Execução Fiscal,Maria Luísa Gomes,Des. Bianca Fernandes,4ª Turma,"R$ 1.529,30","RS
PE",Terceiro,AGUARDANDO PRAZO,1.2.5
15/01/2026,7519075-17.2025.4.01.3697,Mandado de Segurança,João Lucas Farias,Des. Carolina Nogueira,,"R$ 22.646,85","MG
RS",Autor,AGUARDANDO PRAZO,1.1.6
10/12/2025,7976199-58.2020.4.01.3845,Execução Fiscal,Giovanna da Mata,Des. Nicolas da Costa,QUARTA TURMA,"R$ 29.746,05",MG,Terceiro,AGUARDANDO PRAZO,1.2.5|2.4.7
11/01/2026,1770353-72.2021.4.01.3524,Mandado de Segurança,Luiz Felipe da Paz,Des. Davi Lucas Lima,PRIMEIRA SEÇÃO,"R$ 7.199,66",ES,Terceiro,PENDENTE DE ANÁLISE,1.2.1
30/11/2025,9820048-20.2023.4.01.3641,Apelação Cível,Augusto Nunes,Des. Davi Lucas Lima,QUARTA TURMA,"R$ 4.362,27",PR,Assistente,CONCLUÍDO - ACÓRDÃO,1.3.7|2.1.8
13/12/2025,8428797-23.2020.4.01.3762,Execução Fiscal,Dr. Davi Lucas Nogueira,Des. Gustavo Henrique Fernandes,SEGUNDA TURMA,"R$ 38.120,98",SE,Autor,TRIAGEM,1.1.9
14/12/2025,1608927-28.2024.4.01.3387,Apelação Cível,Luiz Felipe da Paz,Des. Pedro Miguel Borges,CORTEESPECIAL,"R$ 12.535,11",GO,Assistente,CONCLUÍDO - SENTENÇA,1.5.1
23/01/2026,4583312-78.2021.4.01.3807,Execução Fiscal,Eloah da Rocha,Des. João Pedro Viana,2ª Seção,"R$ 37.914,28",AM,Réu,PENDENTE DE ANÁLISE,1.5.2|2.2.8
14/01/2026,4349221-74.2022.4.01.3774,Agravo de Instrumento,Giovanna da Mata,Des. Gael Henrique Silveira,1ª Turma,"R$ 30.890,93",PI,Assistente,TRIAGEM,1.4.7
19/01/2026,4747461-34.2021.4.01.3656,Agravo de Instrumento,Giovanna da Mata,Des. Carolina Nogueira,SEXTA TURMA,"R$ 22.631,27
R$ 24.894,40","PI
BA",Réu,AGUARDANDO PRAZO,1.3.7
29/11/2025,6349542-61.2020.4.01.3714,Agravo de Instrumento,Luara Brito,Des. Gustavo Henrique Fernandes,4ª Turma,"R$ 1.590,31",GO,Réu,TRIAGEM,1.4.5
14/12/2025,3795058-12.2024.4.01.3770,Agravo de Instrumento,Luiz Felipe da Paz,Des. Bianca Fernandes,S1,"R$ 26.760,56",AC,Réu,CONCLUÍDO - SENTENÇA,1.1.5
08/01/2026,5328398-36.2022.4.01.3906,Agravo de Instrumento,João Lucas Farias,Des. Carolina Nogueira,1S,"R$ 15.324,24",MT,Réu,CONCLUÍDO - ACÓRDÃO,1.4.2
31/12/2025,5559744-21.2024.4.01.3355,Agravo de Instrumento,Dr. Leonardo Viana,Des. Davi Lucas Lima,3T,"R$ 19.204,16",CE,Autor,AGUARDANDO PRAZO,1.4.8
15/01/2026,4843222-71.2020.4.01.3484,Apelação Cível,João Lucas Farias,Des. Davi Lucas Lima,T3,"R$ 49.454,79",PA,Assistente,CONCLUÍDO - SENTENÇA,1.1.7|2.4.9
04/12/2025,6302286-25.2024.4.01.3523,Agravo de Instrumento,Dr. Fernando Aragão,Des. João Pedro Viana,SEXTA TURMA,"R$ 36.379,56",RN,Autor,CONCLUÍDO - SENTENÇA,1.2.8
15/12/2025,7930562-24.2022.4.01.3533,Agravo de Instrumento,Augusto Nunes,Des. João Miguel Cavalcante,QUINTATURMA,"R$ 8.443,14
R$ 9.287,45",MA,Assistente,PENDENTE DE ANÁLISE,1.4.7
07/01/2026,9263748-27.2022.4.01.3295,Apelação Cível,Dr. Davi Lucas Nogueira,Des. Gael Henrique Silveira,T2,"R$ 2.471,20",MG,Réu,AGUARDANDO PRAZO,1.1.3
20/01/2026,4496138-92.2025.4.01.3205,Agravo de Instrumento,Giovanna da Mata,Des. Juan Pastor,2ª Turma,"R$ 11.774,05","SC
PI",Terceiro,AGUARDANDO PRAZO,1.2.3
11/01/2026,4534049-53.2025.4.01.3636,Execução Fiscal,Dr. Davi Lucas Nogueira,Des. Augusto Leão,SEXTATURMA,"R$ 16.309,78",RS,Terceiro,CONCLUÍDO - SENTENÇA,1.2.4|2.5.1
12/01/2026,5786834-38.2020.4.01.3234,Apelação Cível,Sr. Ravi Cunha,Des. Nicolas da Costa,T2,"R$ 17.875,91",CE,Terceiro,PENDENTE DE ANÁLISE,1.2.4|2.2.4
04/12/2025,1656498-88.2021.4.01.3092,Execução Fiscal,Luiz Felipe da Paz,Des. Nicolas da Costa,S2,"R$ 8.686,64","MT
PA",Autor,PENDENTE DE ANÁLISE,1.5.3
10/12/2025,8629614-49.2020.4.01.3081,Mandado de Segurança,Augusto Nunes,Des. Elisa da Luz,2ª Seção,"R$ 21.424,77",AP,Terceiro,AGUARDANDO PRAZO,1.1.8
12/01/2026,2146380-27.2022.4.01.3903,Agravo de Instrumento,Luiz Felipe da Paz,Des. Davi Lucas Lima,S2,"R$ 21.143,99
R$ 23.258,39",TO,Terceiro,AGUARDANDO PRAZO,1.2.6|2.3.9
18/01/2026,7945272-30.2021.4.01.3425,Execução Fiscal,Dr. Davi Lucas Nogueira,Des. João Pedro Viana,QUARTA TURMA,"R$ 15.930,31",SP,Autor,PENDENTE DE ANÁLISE,1.3.9|2.1.7
15/12/2025,7063442-47.2020.4.01.3600,Apelação Cível,João Lucas Farias,Des. Gael Henrique Silveira,Corte Especial,"R$ 49.025,09",AP,Réu,TRIAGEM,1.5.5
27/12/2025,3277696-46.2022.4.01.3697,Agravo de Instrumento,Dr. Fernando Aragão,Des. Nicolas da Costa,5ª Turma,"R$ 23.580,60",SP,Réu,PENDENTE DE ANÁLISE,1.4.7
07/01/2026,4954183-46.2025.4.01.3457,Mandado de Segurança,Luara Brito,Des. Nicolas da Costa,1ª Turma,"R$ 5.045,23",TO,Terceiro,CONCLUÍDO - SENTENÇA,1.3.4
29/12/2025,3946644-63.2021.4.01.3218,Agravo de Instrumento,Eloah da Rocha,Des. João Pedro Viana,5T,"R$ 34.813,01
R$ 38.294,31",AP,Terceiro,TRIAGEM,1.2.9|2.4.2
25/12/2025,4409098-27.2021.4.01.3561,Mandado de Segurança,Giovanna da Mata,Des. Nicolas da Costa,1ª Turma,"R$ 49.824,98",PE,Autor,TRIAGEM,1.5.4
13/12/2025,6255877-15.2021.4.01.3240,Mandado de Segurança,Giovanna da Mata,Des. João Pedro Viana,2T,"R$ 1.170,06
R$ 1.287,07",SE,Assistente,PENDENTE DE ANÁLISE,1.2.5|2.3.4
14/12/2025,9650538-35.2022.4.01.3537,Mandado de Segurança,Giovanna da Mata,Des. Juan Pastor,T3,"R$ 39.851,11
R$ 43.836,22",TO,Réu,TRIAGEM,1.5.7
07/01/2026,4332589-96.2022.4.01.3875,Execução Fiscal,Luara Brito,Des. Mariana Ramos,SEGUNDA TURMA,"R$ 27.248,89",PA,Terceiro,TRIAGEM,1.5.1
23/01/2026,2023622-73.2025.4.01.3362,Mandado de Segurança,Bernardo Araújo,Des. Pedro Miguel Borges,Não Informado,"R$ 29.089,35
R$ 31.998,28",PI,Autor,AGUARDANDO PRAZO,1.5.5
10/01/2026,5847287-21.2021.4.01.3044,Agravo de Instrumento,Eloah da Rocha,Des. João Miguel Cavalcante,3ª Seção,"R$ 20.114,66
R$ 22.126,13",CE,Autor,PENDENTE DE ANÁLISE,1.5.5
15/12/2025,6002752-57.2025.4.01.3906,Execução Fiscal,João Lucas Farias,Des. Mariana Ramos,3T,"R$ 36.559,36",MG,Réu,TRIAGEM,1.4.3
10/01/2026,1502276-55.2025.4.01.3235,Agravo de Instrumento,Dr. Fernando Aragão,Des. Elisa da Luz,1  Turma,"R$ 41.993,25",RN,Assistente,CONCLUÍDO - SENTENÇA,1.4.9|2.3.7
27/01/2026,9788027-48.2023.4.01.3476,Mandado de Segurança,Luiz Felipe da Paz,Des. Maria Flor Cardoso,SEXTA TURMA,"R$ 6.222,45",SP,Terceiro,TRIAGEM,1.5.9
03/12/2025,8454451-22.2022.4.01.3624,Apelação Cível,Bernardo Araújo,Des. Mariana Ramos,2S,"R$ 9.515,11",RS,Autor,CONCLUÍDO - ACÓRDÃO,1.1.2|2.2.5
06/01/2026,3016735-90.2024.4.01.3676,Execução Fiscal,Eloah da Rocha,Des. Gael Henrique Silveira,3ª Seção,"R$ 1.669,67",MG,Assistente,AGUARDANDO PRAZO,1.4.5
17/01/2026,6323476-26.2020.4.01.3483,Agravo de Instrumento,Bernardo Araújo,Des. Bianca Fernandes,2S,"R$ 1.003,44",MT,Terceiro,TRIAGEM,1.4.5|2.4.6
01/01/2026,4249531-30.2025.4.01.3968,Execução Fiscal,João Lucas Farias,Des. Pedro Miguel Borges,QUINTA TURMA,"R$ 21.665,86",RN,Terceiro,AGUARDANDO PRAZO,1.2.1
29/11/2025,4122291-71.2020.4.01.3836,Mandado de Segurança,Bernardo Araújo,Des. Nicolas da Costa, ,"R$ 43.850,14",RJ,Autor,TRIAGEM,1.5.9
20/01/2026,7310519-43.2025.4.01.3993,Agravo de Instrumento,Dr. Leonardo Viana,Des. Davi Lucas Lima,4T,"R$ 26.536,21
R$ 29.189,83",RO,Terceiro,PENDENTE DE ANÁLISE,1.3.3
17/12/2025,5668739-66.2024.4.01.3414,Apelação Cível,Dr. Leonardo Viana,Des. Gustavo Henrique Fernandes,TERCEIRA TURMA,"R$ 42.842,00
R$ 47.126,20",RO,Autor,CONCLUÍDO - ACÓRDÃO,1.4.3|2.5.1
02/01/2026,7571699-34.2025.4.01.3388,Execução Fiscal,João Lucas Farias,Des. Augusto Leão,S2,"R$ 20.119,98",AC,Autor,CONCLUÍDO - ACÓRDÃO,1.2.4
26/12/2025,5744032-69.2020.4.01.3247,Mandado de Segurança,Giovanna da Mata,Des. Pedro Miguel Borges,TERCEIRASEÇÃO,"R$ 29.252,21",AC,Autor,AGUARDANDO PRAZO,1.4.6|2.2.1
08/01/2026,8913578-58.2022.4.01.3571,Execução Fiscal,João Lucas Farias,Des. Mariana Ramos,CE,"R$ 8.591,26",MA,Terceiro,CONCLUÍDO - SENTENÇA,1.1.9|2.4.5
09/01/2026,2250756-52.2022.4.01.3085,Mandado de Segurança,Dr. Davi Lucas Nogueira,Des. Augusto Leão,S1,"R$ 17.177,79
R$ 18.895,57",AM,Assistente,CONCLUÍDO - ACÓRDÃO,1.1.3
12/12/2025,9046661-12.2020.4.01.3234,Execução Fiscal,Bernardo Araújo,Des. Davi Lucas Lima,3ª Turma,"R$ 28.200,18
R$ 31.020,20",CE,Autor,CONCLUÍDO - SENTENÇA,1.2.2
09/01/2026,3497454-67.2022.4.01.3835,Apelação Cível,Dr. Leonardo Viana,Des. Elisa da Luz,QUINTA TURMA,"R$ 11.624,77",RR,Assistente,PENDENTE DE ANÁLISE,1.4.2|2.3.9
17/01/2026,6506201-92.2024.4.01.3785,Mandado de Segurança,Dr. Fernando Aragão,Des. Davi Lucas Lima,4ª Turma,"R$ 28.155,44",RO,Réu,PENDENTE DE ANÁLISE,1.4.8|2.5.3
09/12/2025,3639375-55.2022.4.01.3779,Agravo de Instrumento,Sr. Ravi Cunha,Des. Kamilly Vasconcelos,SEGUNDASEÇÃO,"R$ 10.494,40","RN
PE",Assistente,CONCLUÍDO - ACÓRDÃO,1.3.5
15/12/2025,1458625-92.2022.4.01.3589,Execução Fiscal,Sr. Ravi Cunha,Des. Mariana Ramos,TERCEIRASEÇÃO,"R$ 16.464,53","SC
TO",Autor,CONCLUÍDO - SENTENÇA,1.4.2
18/01/2026,5595954-67.2023.4.01.3093,Agravo de Instrumento,Sr. Ravi Cunha,Des. Carolina Nogueira,TERCEIRASEÇÃO,"R$ 1.398,82",RS,Terceiro,PENDENTE DE ANÁLISE,1.3.4
14/12/2025,3802080-70.2023.4.01.3232,Apelação Cível,Bernardo Araújo,Des. Pedro Miguel Borges,QUINTA TURMA,"R$ 28.163,26",GO,Réu,CONCLUÍDO - SENTENÇA,1.1.9
19/01/2026,5343912-70.2021.4.01.3850,Agravo de Instrumento,Bernardo Araújo,Des. Mariana Ramos,5T,"R$ 16.900,31",BA,Terceiro,CONCLUÍDO - ACÓRDÃO,1.3.1
31/12/2025,6751857-51.2023.4.01.3914,Agravo de Instrumento,Luara Brito,Des. Kamilly Vasconcelos,2T,"R$ 16.289,02",PR,Réu,PENDENTE DE ANÁLISE,1.1.1
14/12/2025,2091170-12.2023.4.01.3316,Mandado de Segurança,Dr. Leonardo Viana,Des. Elisa da Luz,PRIMEIRA TURMA,"R$ 48.233,52",AP,Assistente,CONCLUÍDO - SENTENÇA,1.2.5
18/12/2025,8609927-40.2022.4.01.3117,Mandado de Segurança,Dr. Fernando Aragão,Des. Maria Flor Cardoso,T1,"R$ 24.110,16",RO,Terceiro,CONCLUÍDO - ACÓRDÃO,1.1.1|2.1.1
13/01/2026,7531315-70.2022.4.01.3239,Apelação Cível,Giovanna da Mata,Des. Kamilly Vasconcelos,2ª Seção,"R$ 16.934,54",AP,Terceiro,AGUARDANDO PRAZO,1.1.6
04/01/2026,1920775-91.2020.4.01.3314,Mandado de Segurança,João Lucas Farias,Des. Pedro Miguel Borges,TERCEIRA TURMA,"R$ 38.636,46
R$ 42.500,11",AP,Autor,CONCLUÍDO - SENTENÇA,1.5.7|2.5.3
12/01/2026,3579545-44.2024.4.01.3786,Apelação Cível,Luara Brito,Des. Elisa da Luz,S2,"R$ 23.772,84
R$ 26.150,12","PA
AM",Assistente,PENDENTE DE ANÁLISE,1.2.2
14/01/2026,3155693-48.2021.4.01.3964,Agravo de Instrumento,Luara Brito,Des. Gael Henrique Silveira,PRIMEIRA SEÇÃO,"R$ 1.894,24
R$ 2.083,66",AP,Assistente,CONCLUÍDO - SENTENÇA,1.3.4
24/01/2026,4096500-71.2020.4.01.3910,Mandado de Segurança,Dr. Leonardo Viana,Des. Nicolas da Costa,S1,"R$ 47.413,14
R$ 52.154,45",DF,Réu,TRIAGEM,1.5.5
26/01/2026,4280985-29.2025.4.01.3902,Execução Fiscal,Maria Luísa Gomes,Des. Carolina Nogueira,QUARTATURMA,"R$ 49.967,67",SE,Assistente,CONCLUÍDO - SENTENÇA,1.2.6
03/01/2026,8809854-34.2024.4.01.3780,Mandado de Segurança,Eloah da Rocha,Des. Juan Pastor,PRIMEIRASEÇÃO,"R$ 10.451,60",SE,Terceiro,AGUARDANDO PRAZO,1.2.6
09/01/2026,9912787-79.2025.4.01.3118,Agravo de Instrumento,Dr. Fernando Aragão,Des. Mariana Ramos,3ª Turma,"R$ 17.421,53",RO,Réu,AGUARDANDO PRAZO,1.3.9
04/01/2026,2479726-58.2022.4.01.3768,Apelação Cível,Augusto Nunes,Des. Davi Lucas Lima,4ª Turma,"R$ 34.022,52
R$ 37.424,77",PI,Réu,CONCLUÍDO - ACÓRDÃO,1.5.2
15/01/2026,1051051-77.2023.4.01.3249,Apelação Cível,Augusto Nunes,Des. Carolina Nogueira,QUINTA TURMA,"R$ 21.105,16",CE,Terceiro,CONCLUÍDO - ACÓRDÃO,1.1.7|2.1.1
16/01/2026,1126585-41.2024.4.01.3812,Mandado de Segurança,Augusto Nunes,Des. Nicolas da Costa,QUARTATURMA,"R$ 34.719,16
R$ 38.191,08",AM,Assistente,CONCLUÍDO - ACÓRDÃO,1.1.1|2.5.5
12/12/2025,6455176-29.2024.4.01.3930,Execução Fiscal,Dr. Davi Lucas Nogueira,Des. Carolina Nogueira,PRIMEIRA TURMA,"R$ 44.400,78",CE,Autor,CONCLUÍDO - SENTENÇA,1.1.9|2.2.4
17/01/2026,8808016-21.2020.4.01.3960,Execução Fiscal,Maria Luísa Gomes,Des. Gael Henrique Silveira,S3,"R$ 16.837,29
R$ 18.521,02",AC,Assistente,PENDENTE DE ANÁLISE,1.1.8
18/12/2025,1941299-45.2020.4.01.3552,Apelação Cível,Bernardo Araújo,Des. Bianca Fernandes,6ª Turma,"R$ 13.089,12
R$ 14.398,03","RN
SC",Terceiro,PENDENTE DE ANÁLISE,1.2.6
03/01/2026,9463352-44.2025.4.01.3391,Agravo de Instrumento,Sr. Ravi Cunha,Des. Nicolas da Costa,T1,"R$ 34.516,71
R$ 37.968,38","AC
PA",Réu,TRIAGEM,1.3.7|2.2.1
22/12/2025,2909302-96.2020.4.01.3923,Execução Fiscal,João Lucas Farias,Des. Davi Lucas Lima,T2,"R$ 7.702,20","GO
PE",Assistente,CONCLUÍDO - ACÓRDÃO,1.4.4
16/01/2026,2770281-88.2022.4.01.3224,Mandado de Segurança,Luara Brito,Des. Mariana Ramos,SEXTA TURMA,"R$ 20.539,88",SP,Autor,AGUARDANDO PRAZO,1.5.8|2.1.4
06/01/2026,8771534-84.2025.4.01.3652,Mandado de Segurança,Luiz Felipe da Paz,Des. João Miguel Cavalcante,T3,"R$ 28.466,93","SP
SE",Assistente,CONCLUÍDO - SENTENÇA,1.3.8
18/12/2025,7332378-15.2020.4.01.3970,Mandado de Segurança,João Lucas Farias,Des. Augusto Leão,4T,"R$ 44.421,07
R$ 48.863,18","RJ
MA",Assistente,PENDENTE DE ANÁLISE,1.4.5|2.4.6
19/12/2025,7110500-28.2020.4.01.3237,Apelação Cível,Luara Brito,Des. Juan Pastor,S2,"R$ 6.345,03",DF,Assistente,CONCLUÍDO - SENTENÇA,1.4.4|2.3.4
12/12/2025,4499177-88.2024.4.01.3354,Execução Fiscal,Eloah da Rocha,Des. Nicolas da Costa,6ª Turma,"R$ 22.188,05",MS,Autor,CONCLUÍDO - ACÓRDÃO,1.3.7
22/01/2026,6254481-34.2025.4.01.3026,Mandado de Segurança,Giovanna da Mata,Des. Gustavo Henrique Fernandes,1ª Turma,"R$ 21.108,94
R$ 23.219,83",GO,Réu,PENDENTE DE ANÁLISE,1.2.2|2.2.2
12/01/2026,7721273-71.2025.4.01.3459,Apelação Cível,Luiz Felipe da Paz,Des. Gael Henrique Silveira,S2,"R$ 4.745,32",SP,Terceiro,CONCLUÍDO - SENTENÇA,1.3.6
14/01/2026,4681252-27.2022.4.01.3696,Agravo de Instrumento,João Lucas Farias,Des. Mariana Ramos,PRIMEIRATURMA,"R$ 13.683,52",BA,Autor,AGUARDANDO PRAZO,1.3.7
23/12/2025,8616550-83.2022.4.01.3089,Mandado de Segurança,Giovanna da Mata,Des. Augusto Leão,S2,"R$ 16.730,82
R$ 18.403,90",TO,Autor,CONCLUÍDO - SENTENÇA,1.4.4
02/01/2026,3622103-22.2023.4.01.3440,Apelação Cível,Dr. Leonardo Viana,Des. João Pedro Viana,6T,"R$ 39.964,95",PR,Terceiro,TRIAGEM,1.3.1
31/12/2025,4063797-57.2022.4.01.3816,Mandado de Segurança,Dr. Fernando Aragão,Des. João Miguel Cavalcante,T2,"R$ 19.999,14",RJ,Réu,CONCLUÍDO - SENTENÇA,1.5.8
05/12/2025,3511766-17.2023.4.01.3703,Apelação Cível,Sr. Ravi Cunha,Des. Mariana Ramos,1S,"R$ 5.326,60
R$ 5.859,26",MG,Réu,TRIAGEM,1.2.2
17/12/2025,9317284-52.2024.4.01.3412,Agravo de Instrumento,Luiz Felipe da Paz,Des. Pedro Miguel Borges,,"R$ 33.467,98",RO,Réu,AGUARDANDO PRAZO,1.5.4
09/12/2025,9792476-91.2024.4.01.3641,Apelação Cível,Maria Luísa Gomes,Des. Gael Henrique Silveira,QUARTA TURMA,"R$ 9.949,40
R$ 10.944,34",SE,Assistente,PENDENTE DE ANÁLISE,1.5.3|2.2.3
25/12/2025,8424127-89.2025.4.01.3290,Mandado de Segurança,Dr. Davi Lucas Nogueira,Des. Gustavo Henrique Fernandes,5ª Turma,"R$ 49.507,70
R$ 54.458,47",PA,Assistente,TRIAGEM,1.3.1
11/01/2026,3376404-94.2021.4.01.3156,Apelação Cível,Dr. Davi Lucas Nogueira,Des. Gustavo Henrique Fernandes,QUINTATURMA,"R$ 21.947,66",DF,Réu,CONCLUÍDO - ACÓRDÃO,1.3.8
29/11/2025,6123467-43.2020.4.01.3742,Apelação Cível,Eloah da Rocha,Des. Maria Flor Cardoso,Não Informado,"R$ 38.235,45",RN,Réu,CONCLUÍDO - ACÓRDÃO,1.1.7|2.4.5
02/01/2026,2954019-65.2022.4.01.3502,Execução Fiscal,Dr. Davi Lucas Nogueira,Des. Juan Pastor,T5,"R$ 14.314,37",RJ,Terceiro,AGUARDANDO PRAZO,1.3.7
31/12/2025,5635787-32.2020.4.01.3062,Execução Fiscal,Luiz Felipe da Paz,Des. Elisa da Luz,SEGUNDA TURMA,"R$ 20.542,13",RR,Autor,CONCLUÍDO - ACÓRDÃO,1.2.2
18/12/2025,1763428-21.2025.4.01.3481,Apelação Cível,Dr. Leonardo Viana,Des. Nicolas da Costa,3ª Turma,"R$ 39.160,35",SP,Réu,CONCLUÍDO - SENTENÇA,1.4.2|2.2.1
27/12/2025,8250216-10.2024.4.01.3907,Agravo de Instrumento,Dr. Davi Lucas Nogueira,Des. Kamilly Vasconcelos,1ª Seção,"R$ 15.179,02",MG,Autor,TRIAGEM,1.4.4|2.4.7
14/01/2026,1339527-18.2025.4.01.3254,Mandado de Segurança,Maria Luísa Gomes,Des. Mariana Ramos,3ª Seção,"R$ 21.818,96",RS,Assistente,TRIAGEM,1.3.7
01/12/2025,4915414-96.2020.4.01.3796,Mandado de Segurança,Luara Brito,Des. Pedro Miguel Borges,3ª Turma,"R$ 26.791,73",AM,Assistente,PENDENTE DE ANÁLISE,1.1.6
23/12/2025,5358947-61.2021.4.01.3260,Agravo de Instrumento,Dr. Davi Lucas Nogueira,Des. Gael Henrique Silveira,TERCEIRA TURMA,"R$ 5.410,81",PE,Réu,PENDENTE DE ANÁLISE,1.5.8
15/01/2026,2243637-95.2021.4.01.3346,Execução Fiscal,Augusto Nunes,Des. Davi Lucas Lima,QUARTATURMA,"R$ 1.507,42",TO,Réu,PENDENTE DE ANÁLISE,1.1.1
06/01/2026,7476605-50.2024.4.01.3257,Mandado de Segurança,Luiz Felipe da Paz,Des. Maria Flor Cardoso,6T,"R$ 6.590,02",BA,Réu,PENDENTE DE ANÁLISE,1.5.5|2.3.4
16/12/2025,3812892-68.2024.4.01.3433,Execução Fiscal,Maria Luísa Gomes,Des. Nicolas da Costa,4ª Turma,"R$ 21.209,90",TO,Assistente,AGUARDANDO PRAZO,1.3.4|2.5.7
19/12/2025,7553468-31.2022.4.01.3295,Agravo de Instrumento,Dr. Leonardo Viana,Des. Gael Henrique Silveira,CE,"R$ 5.545,38",PB,Terceiro,PENDENTE DE ANÁLISE,1.2.9|2.1.1
28/12/2025,7517809-63.2024.4.01.3216,Execução Fiscal,Giovanna da Mata,Des. Davi Lucas Lima,TERCEIRA SEÇÃO,"R$ 47.639,79",AL,Assistente,PENDENTE DE ANÁLISE,1.3.8
19/12/2025,7878000-52.2023.4.01.3606,Mandado de Segurança,Sr. Ravi Cunha,Des. Gustavo Henrique Fernandes,1ª Seção,"R$ 9.460,09",PE,Réu,CONCLUÍDO - ACÓRDÃO,1.2.1
15/01/2026,9088296-69.2025.4.01.3305,Apelação Cível,Dr. Leonardo Viana,Des. Juan Pastor,3ª Turma,"R$ 34.581,41",SC,Autor,CONCLUÍDO - SENTENÇA,1.3.3
01/01/2026,6824435-16.2024.4.01.3791,Apelação Cível,Bernardo Araújo,Des. João Pedro Viana,SEGUNDATURMA,"R$ 7.438,19",PI,Autor,TRIAGEM,1.4.1|2.1.1
09/01/2026,6142300-28.2024.4.01.3733,Agravo de Instrumento,Bernardo Araújo,Des. Carolina Nogueira,T4,"R$ 9.892,91",SP,Terceiro,AGUARDANDO PRAZO,1.3.5
17/01/2026,9072102-48.2025.4.01.3739,Mandado de Segurança,Eloah da Rocha,Des. João Pedro Viana,TERCEIRA SEÇÃO,"R$ 40.157,38",RR,Réu,AGUARDANDO PRAZO,1.4.7|2.5.4
15/12/2025,4945696-68.2025.4.01.3801,Execução Fiscal,João Lucas Farias,Des. Bianca Fernandes,Corte Especial,"R$ 8.062,58",RN,Autor,AGUARDANDO PRAZO,1.5.5
14/12/2025,8161311-12.2020.4.01.3032,Agravo de Instrumento,Sr. Ravi Cunha,Des. Pedro Miguel Borges,CORTE ESPECIAL,"R$ 16.566,65",TO,Autor,CONCLUÍDO - SENTENÇA,1.1.4
14/12/2025,7244455-50.2023.4.01.3303,Mandado de Segurança,Dr. Davi Lucas Nogueira,Des. Kamilly Vasconcelos,PRIMEIRATURMA,"R$ 14.440,41","RR
AL",Terceiro,TRIAGEM,1.4.2|2.1.8
13/12/2025,9331595-84.2024.4.01.3109,Agravo de Instrumento,Augusto Nunes,Des. Carolina Nogueira,SEGUNDASEÇÃO,"R$ 47.168,99
R$ 51.885,89",AC,Terceiro,CONCLUÍDO - ACÓRDÃO,1.3.5|2.2.6
04/01/2026,5477680-39.2023.4.01.3040,Mandado de Segurança,Maria Luísa Gomes,Des. Davi Lucas Lima,SEGUNDA TURMA,"R$ 42.674,59",TO,Réu,CONCLUÍDO - ACÓRDÃO,1.1.4
30/12/2025,3213119-40.2024.4.01.3273,Apelação Cível,Dr. Fernando Aragão,Des. Davi Lucas Lima,CORTE ESPECIAL,"R$ 5.391,68
R$ 5.930,85",RS,Réu,CONCLUÍDO - ACÓRDÃO,1.4.3
30/11/2025,6555433-16.2020.4.01.3838,Apelação Cível,Giovanna da Mata,Des. Mariana Ramos,T4,"R$ 37.590,95",RR,Terceiro,TRIAGEM,1.1.5
02/12/2025,1769921-47.2021.4.01.3733,Agravo de Instrumento,Bernardo Araújo,Des. Kamilly Vasconcelos,SEXTA TURMA,"R$ 34.803,73",PA,Autor,CONCLUÍDO - SENTENÇA,1.2.5|2.2.2
18/12/2025,1135907-12.2020.4.01.3840,Mandado de Segurança,João Lucas Farias,Des. Juan Pastor,,"R$ 14.786,68",AM,Autor,AGUARDANDO PRAZO,1.2.5
21/01/2026,6189297-43.2020.4.01.3298,Agravo de Instrumento,Giovanna da Mata,Des. Gael Henrique Silveira,QUINTATURMA,"R$ 20.180,75",RN,Terceiro,CONCLUÍDO - ACÓRDÃO,1.5.5
19/01/2026,1066066-95.2021.4.01.3431,Agravo de Instrumento,Dr. Fernando Aragão,Des. João Pedro Viana,TERCEIRA SEÇÃO,"R$ 36.333,42",RS,Réu,AGUARDANDO PRAZO,1.4.6
09/01/2026,3829568-27.2021.4.01.3216,Apelação Cível,Eloah da Rocha,Des. Davi Lucas Lima,1  Turma,"R$ 27.906,85",PA,Assistente,TRIAGEM,1.2.9
01/12/2025,9614434-63.2021.4.01.3602,Agravo de Instrumento,Sr. Ravi Cunha,Des. João Pedro Viana,SEGUNDA SEÇÃO,"R$ 46.822,26","SP
MA",Réu,PENDENTE DE ANÁLISE,1.5.9
22/01/2026,4346728-95.2022.4.01.3665,Mandado de Segurança,Luara Brito,Des. Gustavo Henrique Fernandes,4ª Turma,"R$ 28.796,80",ES,Autor,CONCLUÍDO - SENTENÇA,1.2.6
10/01/2026,7992277-11.2025.4.01.3719,Agravo de Instrumento,Eloah da Rocha,Des. Nicolas da Costa,SEXTA TURMA,"R$ 48.866,24",RN,Assistente,AGUARDANDO PRAZO,1.5.9
27/12/2025,3820679-78.2021.4.01.3592,Mandado de Segurança,Giovanna da Mata,Des. Gustavo Henrique Fernandes,SEXTA TURMA,"R$ 18.127,76
R$ 19.940,54",TO,Assistente,PENDENTE DE ANÁLISE,1.5.9|2.4.7
06/12/2025,4934400-69.2024.4.01.3873,Apelação Cível,Dr. Fernando Aragão,Des. Nicolas da Costa,SEGUNDA SEÇÃO,"R$ 38.950,46",PB,Assistente,PENDENTE DE ANÁLISE,1.4.7
30/11/2025,1354741-38.2024.4.01.3429,Apelação Cível,Dr. Fernando Aragão,Des. João Pedro Viana,CORTE ESPECIAL,"R$ 2.718,29",AP,Terceiro,CONCLUÍDO - ACÓRDÃO,1.4.9
08/01/2026,5759054-16.2025.4.01.3087,Execução Fiscal,Luara Brito,Des. Augusto Leão,3S,"R$ 6.237,40
R$ 6.861,14",ES,Terceiro,CONCLUÍDO - SENTENÇA,1.5.5|2.4.1
23/12/2025,3017167-48.2024.4.01.3117,Mandado de Segurança,Eloah da Rocha,Des. Maria Flor Cardoso,S3,"R$ 28.944,34",AL,Assistente,CONCLUÍDO - ACÓRDÃO,1.5.8
15/12/2025,2977258-45.2020.4.01.3780,Mandado de Segurança,Dr. Davi Lucas Nogueira,Des. Elisa da Luz,SEXTATURMA,"R$ 3.941,61
R$ 4.335,77",MA,Autor,CONCLUÍDO - SENTENÇA,1.3.9
11/12/2025,1103462-33.2023.4.01.3457,Execução Fiscal,Giovanna da Mata,Des. Carolina Nogueira,2ª Turma,"R$ 47.775,33",DF,Réu,PENDENTE DE ANÁLISE,1.1.9
08/01/2026,3049715-32.2022.4.01.3404,Agravo de Instrumento,Dr. Fernando Aragão,Des. Pedro Miguel Borges,S3,"R$ 5.241,72",AL,Autor,AGUARDANDO PRAZO,1.1.3|2.3.6
07/12/2025,6872985-96.2020.4.01.3360,Agravo de Instrumento,Giovanna da Mata,Des. Juan Pastor,5ª Turma,"R$ 25.892,43",PI,Autor,PENDENTE DE ANÁLISE,1.2.4
20/01/2026,2052687-68.2021.4.01.3762,Mandado de Segurança,Luiz Felipe da Paz,Des. Maria Flor Cardoso,S1,"R$ 31.218,36",CE,Terceiro,CONCLUÍDO - ACÓRDÃO,1.5.8|2.1.2
18/12/2025,5738099-32.2023.4.01.3823,Execução Fiscal,Giovanna da Mata,Des. Maria Flor Cardoso,SEGUNDA SEÇÃO,"R$ 13.423,91","AC
GO",Autor,PENDENTE DE ANÁLISE,1.1.4
02/01/2026,4840492-96.2023.4.01.3173,Agravo de Instrumento,Augusto Nunes,Des. Mariana Ramos,PRIMEIRA TURMA,"R$ 24.323,85",AM,Assistente,PENDENTE DE ANÁLISE,1.4.4
30/12/2025,6156279-98.2025.4.01.3124,Agravo de Instrumento,Luiz Felipe da Paz,Des. Elisa da Luz,TERCEIRASEÇÃO,"R$ 36.225,79
R$ 39.848,37",BA,Terceiro,CONCLUÍDO - ACÓRDÃO,1.5.9|2.4.1
11/12/2025,7317883-62.2020.4.01.3012,Apelação Cível,Dr. Davi Lucas Nogueira,Des. Nicolas da Costa,3S,"R$ 16.714,32",BA,Réu,CONCLUÍDO - SENTENÇA,1.1.1
04/12/2025,7428713-10.2025.4.01.3720,Apelação Cível,Bernardo Araújo,Des. Bianca Fernandes,QUARTA TURMA,"R$ 46.213,06
R$ 50.834,37",PE,Réu,TRIAGEM,1.5.3
09/12/2025,2263483-42.2024.4.01.3857,Execução Fiscal,Giovanna da Mata,Des. Pedro Miguel Borges,PRIMEIRA TURMA,"R$ 12.944,49",RO,Autor,CONCLUÍDO - ACÓRDÃO,1.2.3
22/12/2025,4107735-94.2021.4.01.3388,Apelação Cível,João Lucas Farias,Des. Augusto Leão,SEGUNDATURMA,"R$ 9.292,37",AL,Réu,TRIAGEM,1.1.8|2.5.9
14/01/2026,1378626-12.2022.4.01.3807,Agravo de Instrumento,Dr. Leonardo Viana,Des. Augusto Leão, ,"R$ 21.525,75
R$ 23.678,33","DF
RS",Autor,CONCLUÍDO - SENTENÇA,1.1.7|2.4.6
14/01/2026,5784470-88.2022.4.01.3271,Mandado de Segurança,Dr. Davi Lucas Nogueira,Des. Pedro Miguel Borges,QUINTA TURMA,"R$ 28.895,21
R$ 31.784,73","MA
GO",Terceiro,TRIAGEM,1.1.9
15/01/2026,3188457-12.2021.4.01.3299,Mandado de Segurança,Eloah da Rocha,Des. Nicolas da Costa,CORTE ESPECIAL,"R$ 12.957,11",PR,Autor,CONCLUÍDO - ACÓRDÃO,1.5.8
19/01/2026,7998274-26.2020.4.01.3635,Agravo de Instrumento,Dr. Davi Lucas Nogueira,Des. Juan Pastor,S1,"R$ 12.518,90",SE,Terceiro,CONCLUÍDO - SENTENÇA,1.3.7
12/01/2026,1795064-11.2023.4.01.3310,Mandado de Segurança,Sr. Ravi Cunha,Des. Pedro Miguel Borges,SEGUNDATURMA,"R$ 31.448,62",PB,Réu,CONCLUÍDO - ACÓRDÃO,1.1.9|2.1.3
23/12/2025,6488227-67.2025.4.01.3566,Mandado de Segurança,Eloah da Rocha,Des. Davi Lucas Lima,Não Informado,"R$ 44.784,42",GO,Assistente,PENDENTE DE ANÁLISE,1.5.8
